# author : MAVIS package
# source : SVO Filter Profile Service, filter ID SLOAN/SDSS.zprime_filter
# source_reference : http://filters.apo.nmsu.edu/curves/SDSS/
# source_components : Filter
# date_created  : 2026-08-19
# date_modified : 2026-08-19
# type : filter:transmission
# status : development
# description : SDSS z' filter-only transmission (USNO 40-inch measurement). Stand-in for the not-yet-measured MAVIS filter of the same name; filter glass only, detector QE and telescope reflectivity are applied separately by ScopeSim.
# wavelength_unit : um
# changes :
# - 2026-08-19 Fetched from SVO, replacing the earlier top-hat approximation
wavelength  transmission
0.785700  0.000183
0.785800  0.000188
0.785900  0.000193
0.786000  0.000198
0.786100  0.000203
0.786200  0.000209
0.786300  0.000214
0.786400  0.000220
0.786500  0.000226
0.786600  0.000232
0.786700  0.000238
0.786800  0.000245
0.786900  0.000252
0.787000  0.000259
0.787100  0.000266
0.787200  0.000274
0.787300  0.000282
0.787400  0.000289
0.787500  0.000297
0.787600  0.000305
0.787700  0.000313
0.787800  0.000321
0.787900  0.000328
0.788000  0.000336
0.788100  0.000343
0.788200  0.000351
0.788300  0.000358
0.788400  0.000365
0.788500  0.000372
0.788600  0.000380
0.788700  0.000387
0.788800  0.000395
0.788900  0.000403
0.789000  0.000412
0.789100  0.000421
0.789200  0.000431
0.789300  0.000441
0.789400  0.000451
0.789500  0.000462
0.789600  0.000473
0.789700  0.000484
0.789800  0.000496
0.789900  0.000507
0.790000  0.000519
0.790100  0.000531
0.790200  0.000543
0.790300  0.000555
0.790400  0.000567
0.790500  0.000579
0.790600  0.000591
0.790700  0.000604
0.790800  0.000616
0.790900  0.000628
0.791000  0.000641
0.791100  0.000654
0.791200  0.000666
0.791300  0.000679
0.791400  0.000693
0.791500  0.000706
0.791600  0.000720
0.791700  0.000734
0.791800  0.000748
0.791900  0.000763
0.792000  0.000778
0.792100  0.000794
0.792200  0.000810
0.792300  0.000827
0.792400  0.000844
0.792500  0.000862
0.792600  0.000880
0.792700  0.000899
0.792800  0.000919
0.792900  0.000940
0.793000  0.000961
0.793100  0.000983
0.793200  0.001006
0.793300  0.001030
0.793400  0.001054
0.793500  0.001080
0.793600  0.001106
0.793700  0.001133
0.793800  0.001162
0.793900  0.001191
0.794000  0.001221
0.794100  0.001252
0.794200  0.001284
0.794300  0.001317
0.794400  0.001350
0.794500  0.001384
0.794600  0.001418
0.794700  0.001453
0.794800  0.001487
0.794900  0.001522
0.795000  0.001556
0.795100  0.001590
0.795200  0.001624
0.795300  0.001657
0.795400  0.001691
0.795500  0.001726
0.795600  0.001760
0.795700  0.001796
0.795800  0.001832
0.795900  0.001869
0.796000  0.001907
0.796100  0.001947
0.796200  0.001987
0.796300  0.002029
0.796400  0.002072
0.796500  0.002116
0.796600  0.002161
0.796700  0.002207
0.796800  0.002254
0.796900  0.002302
0.797000  0.002350
0.797100  0.002399
0.797200  0.002449
0.797300  0.002499
0.797400  0.002551
0.797500  0.002604
0.797600  0.002657
0.797700  0.002712
0.797800  0.002768
0.797900  0.002825
0.798000  0.002884
0.798100  0.002944
0.798200  0.003006
0.798300  0.003069
0.798400  0.003134
0.798500  0.003200
0.798600  0.003268
0.798700  0.003337
0.798800  0.003408
0.798900  0.003481
0.799000  0.003555
0.799100  0.003631
0.799200  0.003708
0.799300  0.003787
0.799400  0.003867
0.799500  0.003949
0.799600  0.004032
0.799700  0.004117
0.799800  0.004203
0.799900  0.004290
0.800000  0.004379
0.800100  0.004469
0.800200  0.004561
0.800300  0.004653
0.800400  0.004748
0.800500  0.004843
0.800600  0.004940
0.800700  0.005038
0.800800  0.005138
0.800900  0.005239
0.801000  0.005341
0.801100  0.005445
0.801200  0.005550
0.801300  0.005657
0.801400  0.005766
0.801500  0.005877
0.801600  0.005990
0.801700  0.006106
0.801800  0.006224
0.801900  0.006346
0.802000  0.006470
0.802100  0.006597
0.802200  0.006728
0.802300  0.006862
0.802400  0.006998
0.802500  0.007138
0.802600  0.007280
0.802700  0.007424
0.802800  0.007572
0.802900  0.007722
0.803000  0.007874
0.803100  0.008029
0.803200  0.008186
0.803300  0.008345
0.803400  0.008507
0.803500  0.008672
0.803600  0.008839
0.803700  0.009009
0.803800  0.009182
0.803900  0.009358
0.804000  0.009537
0.804100  0.009719
0.804200  0.009904
0.804300  0.010093
0.804400  0.010285
0.804500  0.010481
0.804600  0.010681
0.804700  0.010884
0.804800  0.011092
0.804900  0.011304
0.805000  0.011520
0.805100  0.011741
0.805200  0.011965
0.805300  0.012194
0.805400  0.012427
0.805500  0.012664
0.805600  0.012905
0.805700  0.013149
0.805800  0.013396
0.805900  0.013646
0.806000  0.013900
0.806100  0.014156
0.806200  0.014416
0.806300  0.014679
0.806400  0.014945
0.806500  0.015215
0.806600  0.015489
0.806700  0.015768
0.806800  0.016050
0.806900  0.016338
0.807000  0.016630
0.807100  0.016927
0.807200  0.017230
0.807300  0.017537
0.807400  0.017850
0.807500  0.018168
0.807600  0.018492
0.807700  0.018821
0.807800  0.019155
0.807900  0.019495
0.808000  0.019840
0.808100  0.020191
0.808200  0.020548
0.808300  0.020910
0.808400  0.021278
0.808500  0.021653
0.808600  0.022033
0.808700  0.022420
0.808800  0.022814
0.808900  0.023214
0.809000  0.023620
0.809100  0.024033
0.809200  0.024453
0.809300  0.024880
0.809400  0.025314
0.809500  0.025754
0.809600  0.026202
0.809700  0.026656
0.809800  0.027117
0.809900  0.027585
0.810000  0.028060
0.810100  0.028542
0.810200  0.029031
0.810300  0.029527
0.810400  0.030030
0.810500  0.030540
0.810600  0.031058
0.810700  0.031582
0.810800  0.032114
0.810900  0.032653
0.811000  0.033200
0.811100  0.033754
0.811200  0.034316
0.811300  0.034885
0.811400  0.035461
0.811500  0.036045
0.811600  0.036637
0.811700  0.037236
0.811800  0.037843
0.811900  0.038458
0.812000  0.039080
0.812100  0.039710
0.812200  0.040348
0.812300  0.040994
0.812400  0.041647
0.812500  0.042308
0.812600  0.042977
0.812700  0.043654
0.812800  0.044338
0.812900  0.045030
0.813000  0.045730
0.813100  0.046438
0.813200  0.047154
0.813300  0.047879
0.813400  0.048613
0.813500  0.049356
0.813600  0.050111
0.813700  0.050876
0.813800  0.051652
0.813900  0.052440
0.814000  0.053240
0.814100  0.054053
0.814200  0.054879
0.814300  0.055717
0.814400  0.056567
0.814500  0.057430
0.814600  0.058304
0.814700  0.059191
0.814800  0.060089
0.814900  0.060999
0.815000  0.061920
0.815100  0.062852
0.815200  0.063796
0.815300  0.064749
0.815400  0.065713
0.815500  0.066687
0.815600  0.067670
0.815700  0.068662
0.815800  0.069663
0.815900  0.070673
0.816000  0.071690
0.816100  0.072715
0.816200  0.073748
0.816300  0.074790
0.816400  0.075840
0.816500  0.076900
0.816600  0.077969
0.816700  0.079048
0.816800  0.080138
0.816900  0.081238
0.817000  0.082350
0.817100  0.083473
0.817200  0.084607
0.817300  0.085753
0.817400  0.086909
0.817500  0.088076
0.817600  0.089253
0.817700  0.090440
0.817800  0.091637
0.817900  0.092844
0.818000  0.094060
0.818100  0.095285
0.818200  0.096520
0.818300  0.097765
0.818400  0.099020
0.818500  0.100287
0.818600  0.101565
0.818700  0.102854
0.818800  0.104157
0.818900  0.105472
0.819000  0.106800
0.819100  0.108142
0.819200  0.109498
0.819300  0.110867
0.819400  0.112249
0.819500  0.113644
0.819600  0.115051
0.819700  0.116470
0.819800  0.117902
0.819900  0.119345
0.820000  0.120800
0.820100  0.122266
0.820200  0.123743
0.820300  0.125230
0.820400  0.126727
0.820500  0.128234
0.820600  0.129750
0.820700  0.131275
0.820800  0.132809
0.820900  0.134350
0.821000  0.135900
0.821100  0.137457
0.821200  0.139022
0.821300  0.140596
0.821400  0.142179
0.821500  0.143771
0.821600  0.145374
0.821700  0.146988
0.821800  0.148613
0.821900  0.150250
0.822000  0.151900
0.822100  0.153563
0.822200  0.155239
0.822300  0.156928
0.822400  0.158630
0.822500  0.160344
0.822600  0.162071
0.822700  0.163810
0.822800  0.165561
0.822900  0.167325
0.823000  0.169100
0.823100  0.170887
0.823200  0.172685
0.823300  0.174494
0.823400  0.176313
0.823500  0.178141
0.823600  0.179978
0.823700  0.181823
0.823800  0.183675
0.823900  0.185534
0.824000  0.187400
0.824100  0.189271
0.824200  0.191149
0.824300  0.193032
0.824400  0.194922
0.824500  0.196818
0.824600  0.198720
0.824700  0.200630
0.824800  0.202546
0.824900  0.204469
0.825000  0.206400
0.825100  0.208338
0.825200  0.210284
0.825300  0.212239
0.825400  0.214203
0.825500  0.216176
0.825600  0.218159
0.825700  0.220152
0.825800  0.222157
0.825900  0.224172
0.826000  0.226200
0.826100  0.228240
0.826200  0.230291
0.826300  0.232353
0.826400  0.234424
0.826500  0.236504
0.826600  0.238591
0.826700  0.240686
0.826800  0.242786
0.826900  0.244891
0.827000  0.247000
0.827100  0.249112
0.827200  0.251227
0.827300  0.253344
0.827400  0.255463
0.827500  0.257584
0.827600  0.259706
0.827700  0.261829
0.827800  0.263952
0.827900  0.266076
0.828000  0.268200
0.828100  0.270323
0.828200  0.272442
0.828300  0.274552
0.828400  0.276652
0.828500  0.278736
0.828600  0.280801
0.828700  0.282844
0.828800  0.284861
0.828900  0.286847
0.829000  0.288800
0.829100  0.290717
0.829200  0.292602
0.829300  0.294461
0.829400  0.296299
0.829500  0.298122
0.829600  0.299935
0.829700  0.301744
0.829800  0.303554
0.829900  0.305371
0.830000  0.307200
0.830100  0.309046
0.830200  0.310913
0.830300  0.312801
0.830400  0.314713
0.830500  0.316651
0.830600  0.318617
0.830700  0.320613
0.830800  0.322640
0.830900  0.324702
0.831000  0.326800
0.831100  0.328935
0.831200  0.331104
0.831300  0.333302
0.831400  0.335527
0.831500  0.337774
0.831600  0.340039
0.831700  0.342318
0.831800  0.344607
0.831900  0.346903
0.832000  0.349200
0.832100  0.351496
0.832200  0.353791
0.832300  0.356083
0.832400  0.358375
0.832500  0.360665
0.832600  0.362954
0.832700  0.365241
0.832800  0.367528
0.832900  0.369814
0.833000  0.372100
0.833100  0.374385
0.833200  0.376668
0.833300  0.378947
0.833400  0.381222
0.833500  0.383491
0.833600  0.385753
0.833700  0.388006
0.833800  0.390249
0.833900  0.392481
0.834000  0.394700
0.834100  0.396905
0.834200  0.399100
0.834300  0.401286
0.834400  0.403466
0.834500  0.405644
0.834600  0.407823
0.834700  0.410005
0.834800  0.412193
0.834900  0.414390
0.835000  0.416600
0.835100  0.418824
0.835200  0.421063
0.835300  0.423317
0.835400  0.425586
0.835500  0.427869
0.835600  0.430166
0.835700  0.432479
0.835800  0.434805
0.835900  0.437145
0.836000  0.439500
0.836100  0.441868
0.836200  0.444245
0.836300  0.446626
0.836400  0.449006
0.836500  0.451381
0.836600  0.453745
0.836700  0.456094
0.836800  0.458423
0.836900  0.460726
0.837000  0.463000
0.837100  0.465241
0.837200  0.467452
0.837300  0.469638
0.837400  0.471805
0.837500  0.473959
0.837600  0.476104
0.837700  0.478245
0.837800  0.480388
0.837900  0.482538
0.838000  0.484700
0.838100  0.486879
0.838200  0.489073
0.838300  0.491284
0.838400  0.493508
0.838500  0.495746
0.838600  0.497997
0.838700  0.500258
0.838800  0.502530
0.838900  0.504811
0.839000  0.507100
0.839100  0.509396
0.839200  0.511695
0.839300  0.513995
0.839400  0.516291
0.839500  0.518581
0.839600  0.520859
0.839700  0.523124
0.839800  0.525372
0.839900  0.527598
0.840000  0.529800
0.840100  0.531975
0.840200  0.534126
0.840300  0.536256
0.840400  0.538369
0.840500  0.540469
0.840600  0.542559
0.840700  0.544644
0.840800  0.546726
0.840900  0.548810
0.841000  0.550900
0.841100  0.552998
0.841200  0.555102
0.841300  0.557211
0.841400  0.559321
0.841500  0.561432
0.841600  0.563540
0.841700  0.565643
0.841800  0.567739
0.841900  0.569825
0.842000  0.571900
0.842100  0.573961
0.842200  0.576007
0.842300  0.578038
0.842400  0.580054
0.842500  0.582054
0.842600  0.584037
0.842700  0.586004
0.842800  0.587954
0.842900  0.589886
0.843000  0.591800
0.843100  0.593696
0.843200  0.595578
0.843300  0.597450
0.843400  0.599315
0.843500  0.601178
0.843600  0.603043
0.843700  0.604913
0.843800  0.606794
0.843900  0.608688
0.844000  0.610600
0.844100  0.612533
0.844200  0.614483
0.844300  0.616447
0.844400  0.618419
0.844500  0.620397
0.844600  0.622374
0.844700  0.624348
0.844800  0.626313
0.844900  0.628265
0.845000  0.630200
0.845100  0.632114
0.845200  0.634007
0.845300  0.635877
0.845400  0.637724
0.845500  0.639548
0.845600  0.641348
0.845700  0.643124
0.845800  0.644874
0.845900  0.646600
0.846000  0.648300
0.846100  0.649975
0.846200  0.651629
0.846300  0.653268
0.846400  0.654898
0.846500  0.656524
0.846600  0.658153
0.846700  0.659789
0.846800  0.661438
0.846900  0.663107
0.847000  0.664800
0.847100  0.666522
0.847200  0.668270
0.847300  0.670040
0.847400  0.671828
0.847500  0.673630
0.847600  0.675441
0.847700  0.677258
0.847800  0.679076
0.847900  0.680892
0.848000  0.682700
0.848100  0.684497
0.848200  0.686281
0.848300  0.688048
0.848400  0.689795
0.848500  0.691519
0.848600  0.693218
0.848700  0.694888
0.848800  0.696527
0.848900  0.698132
0.849000  0.699700
0.849100  0.701229
0.849200  0.702724
0.849300  0.704190
0.849400  0.705633
0.849500  0.707057
0.849600  0.708469
0.849700  0.709874
0.849800  0.711277
0.849900  0.712684
0.850000  0.714100
0.850100  0.715530
0.850200  0.716973
0.850300  0.718427
0.850400  0.719892
0.850500  0.721365
0.850600  0.722844
0.850700  0.724329
0.850800  0.725818
0.850900  0.727309
0.851000  0.728800
0.851100  0.730290
0.851200  0.731775
0.851300  0.733253
0.851400  0.734720
0.851500  0.736172
0.851600  0.737607
0.851700  0.739020
0.851800  0.740409
0.851900  0.741770
0.852000  0.743100
0.852100  0.744397
0.852200  0.745665
0.852300  0.746909
0.852400  0.748134
0.852500  0.749347
0.852600  0.750551
0.852700  0.751754
0.852800  0.752959
0.852900  0.754173
0.853000  0.755400
0.853100  0.756645
0.853200  0.757907
0.853300  0.759183
0.853400  0.760470
0.853500  0.761766
0.853600  0.763070
0.853700  0.764377
0.853800  0.765686
0.853900  0.766995
0.854000  0.768300
0.854100  0.769600
0.854200  0.770892
0.854300  0.772176
0.854400  0.773450
0.854500  0.774712
0.854600  0.775962
0.854700  0.777197
0.854800  0.778416
0.854900  0.779617
0.855000  0.780800
0.855100  0.781963
0.855200  0.783110
0.855300  0.784243
0.855400  0.785367
0.855500  0.786484
0.855600  0.787598
0.855700  0.788714
0.855800  0.789834
0.855900  0.790961
0.856000  0.792100
0.856100  0.793253
0.856200  0.794418
0.856300  0.795594
0.856400  0.796777
0.856500  0.797965
0.856600  0.799156
0.856700  0.800347
0.856800  0.801537
0.856900  0.802722
0.857000  0.803900
0.857100  0.805069
0.857200  0.806226
0.857300  0.807370
0.857400  0.808498
0.857500  0.809607
0.857600  0.810696
0.857700  0.811762
0.857800  0.812802
0.857900  0.813816
0.858000  0.814800
0.858100  0.815753
0.858200  0.816680
0.858300  0.817584
0.858400  0.818471
0.858500  0.819345
0.858600  0.820212
0.858700  0.821076
0.858800  0.821942
0.858900  0.822815
0.859000  0.823700
0.859100  0.824600
0.859200  0.825515
0.859300  0.826442
0.859400  0.827380
0.859500  0.828325
0.859600  0.829277
0.859700  0.830232
0.859800  0.831189
0.859900  0.832146
0.860000  0.833100
0.860100  0.834049
0.860200  0.834992
0.860300  0.835925
0.860400  0.836846
0.860500  0.837754
0.860600  0.838645
0.860700  0.839518
0.860800  0.840369
0.860900  0.841197
0.861000  0.842000
0.861100  0.842776
0.861200  0.843529
0.861300  0.844263
0.861400  0.844984
0.861500  0.845697
0.861600  0.846405
0.861700  0.847115
0.861800  0.847831
0.861900  0.848558
0.862000  0.849300
0.862100  0.850062
0.862200  0.850843
0.862300  0.851641
0.862400  0.852456
0.862500  0.853285
0.862600  0.854127
0.862700  0.854982
0.862800  0.855846
0.862900  0.856719
0.863000  0.857600
0.863100  0.858486
0.863200  0.859375
0.863300  0.860261
0.863400  0.861142
0.863500  0.862014
0.863600  0.862873
0.863700  0.863715
0.863800  0.864536
0.863900  0.865332
0.864000  0.866100
0.864100  0.866837
0.864200  0.867545
0.864300  0.868226
0.864400  0.868884
0.864500  0.869521
0.864600  0.870141
0.864700  0.870746
0.864800  0.871339
0.864900  0.871922
0.865000  0.872500
0.865100  0.873074
0.865200  0.873647
0.865300  0.874220
0.865400  0.874795
0.865500  0.875375
0.865600  0.875961
0.865700  0.876554
0.865800  0.877157
0.865900  0.877772
0.866000  0.878400
0.866100  0.879042
0.866200  0.879696
0.866300  0.880358
0.866400  0.881024
0.866500  0.881691
0.866600  0.882354
0.866700  0.883010
0.866800  0.883656
0.866900  0.884287
0.867000  0.884900
0.867100  0.885492
0.867200  0.886064
0.867300  0.886615
0.867400  0.887148
0.867500  0.887662
0.867600  0.888160
0.867700  0.888642
0.867800  0.889108
0.867900  0.889561
0.868000  0.890000
0.868100  0.890428
0.868200  0.890846
0.868300  0.891260
0.868400  0.891672
0.868500  0.892085
0.868600  0.892504
0.868700  0.892931
0.868800  0.893371
0.868900  0.893826
0.869000  0.894300
0.869100  0.894796
0.869200  0.895311
0.869300  0.895843
0.869400  0.896390
0.869500  0.896947
0.869600  0.897512
0.869700  0.898083
0.869800  0.898657
0.869900  0.899230
0.870000  0.899800
0.870100  0.900364
0.870200  0.900921
0.870300  0.901470
0.870400  0.902010
0.870500  0.902540
0.870600  0.903058
0.870700  0.903565
0.870800  0.904058
0.870900  0.904536
0.871000  0.905000
0.871100  0.905448
0.871200  0.905883
0.871300  0.906308
0.871400  0.906728
0.871500  0.907144
0.871600  0.907561
0.871700  0.907982
0.871800  0.908409
0.871900  0.908848
0.872000  0.909300
0.872100  0.909768
0.872200  0.910249
0.872300  0.910738
0.872400  0.911230
0.872500  0.911721
0.872600  0.912207
0.872700  0.912682
0.872800  0.913143
0.872900  0.913583
0.873000  0.914000
0.873100  0.914389
0.873200  0.914753
0.873300  0.915094
0.873400  0.915416
0.873500  0.915720
0.873600  0.916012
0.873700  0.916292
0.873800  0.916565
0.873900  0.916833
0.874000  0.917100
0.874100  0.917368
0.874200  0.917641
0.874300  0.917922
0.874400  0.918215
0.874500  0.918522
0.874600  0.918848
0.874700  0.919195
0.874800  0.919567
0.874900  0.919968
0.875000  0.920400
0.875100  0.920865
0.875200  0.921358
0.875300  0.921871
0.875400  0.922397
0.875500  0.922928
0.875600  0.923456
0.875700  0.923975
0.875800  0.924477
0.875900  0.924955
0.876000  0.925400
0.876100  0.925808
0.876200  0.926181
0.876300  0.926522
0.876400  0.926837
0.876500  0.927130
0.876600  0.927404
0.876700  0.927663
0.876800  0.927913
0.876900  0.928157
0.877000  0.928400
0.877100  0.928645
0.877200  0.928894
0.877300  0.929151
0.877400  0.929416
0.877500  0.929691
0.877600  0.929980
0.877700  0.930283
0.877800  0.930602
0.877900  0.930941
0.878000  0.931300
0.878100  0.931680
0.878200  0.932077
0.878300  0.932482
0.878400  0.932890
0.878500  0.933293
0.878600  0.933684
0.878700  0.934058
0.878800  0.934406
0.878900  0.934722
0.879000  0.935000
0.879100  0.935234
0.879200  0.935429
0.879300  0.935591
0.879400  0.935725
0.879500  0.935838
0.879600  0.935936
0.879700  0.936026
0.879800  0.936112
0.879900  0.936201
0.880000  0.936300
0.880100  0.936413
0.880200  0.936543
0.880300  0.936690
0.880400  0.936856
0.880500  0.937042
0.880600  0.937248
0.880700  0.937476
0.880800  0.937726
0.880900  0.938001
0.881000  0.938300
0.881100  0.938624
0.881200  0.938967
0.881300  0.939322
0.881400  0.939684
0.881500  0.940044
0.881600  0.940397
0.881700  0.940736
0.881800  0.941054
0.881900  0.941344
0.882000  0.941600
0.882100  0.941817
0.882200  0.941998
0.882300  0.942149
0.882400  0.942275
0.882500  0.942381
0.882600  0.942473
0.882700  0.942555
0.882800  0.942633
0.882900  0.942713
0.883000  0.942800
0.883100  0.942898
0.883200  0.943010
0.883300  0.943137
0.883400  0.943281
0.883500  0.943444
0.883600  0.943628
0.883700  0.943833
0.883800  0.944063
0.883900  0.944318
0.884000  0.944600
0.884100  0.944910
0.884200  0.945241
0.884300  0.945587
0.884400  0.945939
0.884500  0.946292
0.884600  0.946637
0.884700  0.946968
0.884800  0.947277
0.884900  0.947557
0.885000  0.947800
0.885100  0.948002
0.885200  0.948164
0.885300  0.948292
0.885400  0.948390
0.885500  0.948462
0.885600  0.948514
0.885700  0.948549
0.885800  0.948572
0.885900  0.948587
0.886000  0.948600
0.886100  0.948614
0.886200  0.948633
0.886300  0.948662
0.886400  0.948702
0.886500  0.948758
0.886600  0.948834
0.886700  0.948932
0.886800  0.949057
0.886900  0.949212
0.887000  0.949400
0.887100  0.949624
0.887200  0.949879
0.887300  0.950158
0.887400  0.950457
0.887500  0.950768
0.887600  0.951086
0.887700  0.951404
0.887800  0.951716
0.887900  0.952017
0.888000  0.952300
0.888100  0.952560
0.888200  0.952797
0.888300  0.953010
0.888400  0.953202
0.888500  0.953370
0.888600  0.953518
0.888700  0.953644
0.888800  0.953749
0.888900  0.953835
0.889000  0.953900
0.889100  0.953947
0.889200  0.953979
0.889300  0.954002
0.889400  0.954020
0.889500  0.954038
0.889600  0.954061
0.889700  0.954094
0.889800  0.954141
0.889900  0.954208
0.890000  0.954300
0.890100  0.954420
0.890200  0.954565
0.890300  0.954732
0.890400  0.954917
0.890500  0.955116
0.890600  0.955327
0.890700  0.955544
0.890800  0.955764
0.890900  0.955984
0.891000  0.956200
0.891100  0.956408
0.891200  0.956607
0.891300  0.956796
0.891400  0.956972
0.891500  0.957135
0.891600  0.957283
0.891700  0.957415
0.891800  0.957529
0.891900  0.957625
0.892000  0.957700
0.892100  0.957755
0.892200  0.957792
0.892300  0.957817
0.892400  0.957833
0.892500  0.957845
0.892600  0.957857
0.892700  0.957875
0.892800  0.957901
0.892900  0.957942
0.893000  0.958000
0.893100  0.958080
0.893200  0.958180
0.893300  0.958299
0.893400  0.958435
0.893500  0.958585
0.893600  0.958749
0.893700  0.958925
0.893800  0.959109
0.893900  0.959302
0.894000  0.959500
0.894100  0.959702
0.894200  0.959904
0.894300  0.960105
0.894400  0.960301
0.894500  0.960488
0.894600  0.960665
0.894700  0.960827
0.894800  0.960972
0.894900  0.961098
0.895000  0.961200
0.895100  0.961278
0.895200  0.961333
0.895300  0.961371
0.895400  0.961396
0.895500  0.961412
0.895600  0.961422
0.895700  0.961432
0.895800  0.961446
0.895900  0.961467
0.896000  0.961500
0.896100  0.961548
0.896200  0.961610
0.896300  0.961683
0.896400  0.961765
0.896500  0.961853
0.896600  0.961944
0.896700  0.962038
0.896800  0.962129
0.896900  0.962218
0.897000  0.962300
0.897100  0.962374
0.897200  0.962442
0.897300  0.962503
0.897400  0.962561
0.897500  0.962615
0.897600  0.962669
0.897700  0.962723
0.897800  0.962778
0.897900  0.962837
0.898000  0.962900
0.898100  0.962969
0.898200  0.963043
0.898300  0.963121
0.898400  0.963202
0.898500  0.963286
0.898600  0.963370
0.898700  0.963455
0.898800  0.963539
0.898900  0.963621
0.899000  0.963700
0.899100  0.963776
0.899200  0.963847
0.899300  0.963914
0.899400  0.963975
0.899500  0.964030
0.899600  0.964079
0.899700  0.964121
0.899800  0.964155
0.899900  0.964182
0.900000  0.964200
0.900100  0.964210
0.900200  0.964214
0.900300  0.964217
0.900400  0.964221
0.900500  0.964232
0.900600  0.964252
0.900700  0.964285
0.900800  0.964335
0.900900  0.964405
0.901000  0.964500
0.901100  0.964621
0.901200  0.964765
0.901300  0.964926
0.901400  0.965100
0.901500  0.965280
0.901600  0.965462
0.901700  0.965640
0.901800  0.965809
0.901900  0.965964
0.902000  0.966100
0.902100  0.966212
0.902200  0.966301
0.902300  0.966368
0.902400  0.966417
0.902500  0.966447
0.902600  0.966462
0.902700  0.966463
0.902800  0.966452
0.902900  0.966430
0.903000  0.966400
0.903100  0.966363
0.903200  0.966323
0.903300  0.966283
0.903400  0.966247
0.903500  0.966218
0.903600  0.966199
0.903700  0.966195
0.903800  0.966208
0.903900  0.966242
0.904000  0.966300
0.904100  0.966385
0.904200  0.966493
0.904300  0.966618
0.904400  0.966758
0.904500  0.966905
0.904600  0.967057
0.904700  0.967207
0.904800  0.967350
0.904900  0.967483
0.905000  0.967600
0.905100  0.967697
0.905200  0.967776
0.905300  0.967838
0.905400  0.967887
0.905500  0.967923
0.905600  0.967949
0.905700  0.967968
0.905800  0.967981
0.905900  0.967991
0.906000  0.968000
0.906100  0.968010
0.906200  0.968023
0.906300  0.968039
0.906400  0.968062
0.906500  0.968091
0.906600  0.968129
0.906700  0.968178
0.906800  0.968238
0.906900  0.968312
0.907000  0.968400
0.907100  0.968504
0.907200  0.968620
0.907300  0.968746
0.907400  0.968878
0.907500  0.969013
0.907600  0.969146
0.907700  0.969275
0.907800  0.969396
0.907900  0.969505
0.908000  0.969600
0.908100  0.969677
0.908200  0.969737
0.908300  0.969782
0.908400  0.969814
0.908500  0.969833
0.908600  0.969841
0.908700  0.969841
0.908800  0.969833
0.908900  0.969819
0.909000  0.969800
0.909100  0.969779
0.909200  0.969757
0.909300  0.969736
0.909400  0.969718
0.909500  0.969706
0.909600  0.969702
0.909700  0.969707
0.909800  0.969723
0.909900  0.969754
0.910000  0.969800
0.910100  0.969863
0.910200  0.969941
0.910300  0.970031
0.910400  0.970128
0.910500  0.970230
0.910600  0.970334
0.910700  0.970436
0.910800  0.970534
0.910900  0.970622
0.911000  0.970700
0.911100  0.970763
0.911200  0.970812
0.911300  0.970847
0.911400  0.970867
0.911500  0.970873
0.911600  0.970865
0.911700  0.970844
0.911800  0.970809
0.911900  0.970761
0.912000  0.970700
0.912100  0.970627
0.912200  0.970544
0.912300  0.970456
0.912400  0.970366
0.912500  0.970278
0.912600  0.970196
0.912700  0.970123
0.912800  0.970064
0.912900  0.970022
0.913000  0.970000
0.913100  0.970002
0.913200  0.970025
0.913300  0.970068
0.913400  0.970128
0.913500  0.970202
0.913600  0.970288
0.913700  0.970384
0.913800  0.970486
0.913900  0.970592
0.914000  0.970700
0.914100  0.970808
0.914200  0.970913
0.914300  0.971017
0.914400  0.971117
0.914500  0.971213
0.914600  0.971304
0.914700  0.971389
0.914800  0.971467
0.914900  0.971538
0.915000  0.971600
0.915100  0.971654
0.915200  0.971700
0.915300  0.971743
0.915400  0.971782
0.915500  0.971822
0.915600  0.971864
0.915700  0.971910
0.915800  0.971964
0.915900  0.972026
0.916000  0.972100
0.916100  0.972187
0.916200  0.972284
0.916300  0.972389
0.916400  0.972500
0.916500  0.972612
0.916600  0.972723
0.916700  0.972831
0.916800  0.972931
0.916900  0.973022
0.917000  0.973100
0.917100  0.973163
0.917200  0.973211
0.917300  0.973244
0.917400  0.973263
0.917500  0.973267
0.917600  0.973259
0.917700  0.973238
0.917800  0.973204
0.917900  0.973158
0.918000  0.973100
0.918100  0.973032
0.918200  0.972955
0.918300  0.972873
0.918400  0.972789
0.918500  0.972705
0.918600  0.972625
0.918700  0.972552
0.918800  0.972488
0.918900  0.972436
0.919000  0.972400
0.919100  0.972381
0.919200  0.972379
0.919300  0.972391
0.919400  0.972415
0.919500  0.972449
0.919600  0.972491
0.919700  0.972539
0.919800  0.972592
0.919900  0.972646
0.920000  0.972700
0.920100  0.972752
0.920200  0.972801
0.920300  0.972847
0.920400  0.972888
0.920500  0.972924
0.920600  0.972954
0.920700  0.972977
0.920800  0.972993
0.920900  0.973001
0.921000  0.973000
0.921100  0.972990
0.921200  0.972972
0.921300  0.972949
0.921400  0.972922
0.921500  0.972893
0.921600  0.972865
0.921700  0.972840
0.921800  0.972819
0.921900  0.972805
0.922000  0.972800
0.922100  0.972805
0.922200  0.972821
0.922300  0.972846
0.922400  0.972882
0.922500  0.972928
0.922600  0.972984
0.922700  0.973049
0.922800  0.973124
0.922900  0.973207
0.923000  0.973300
0.923100  0.973401
0.923200  0.973508
0.923300  0.973617
0.923400  0.973726
0.923500  0.973831
0.923600  0.973930
0.923700  0.974020
0.923800  0.974097
0.923900  0.974158
0.924000  0.974200
0.924100  0.974222
0.924200  0.974225
0.924300  0.974213
0.924400  0.974190
0.924500  0.974159
0.924600  0.974123
0.924700  0.974086
0.924800  0.974050
0.924900  0.974021
0.925000  0.974000
0.925100  0.973991
0.925200  0.973994
0.925300  0.974009
0.925400  0.974034
0.925500  0.974071
0.925600  0.974118
0.925700  0.974174
0.925800  0.974241
0.925900  0.974316
0.926000  0.974400
0.926100  0.974492
0.926200  0.974589
0.926300  0.974689
0.926400  0.974788
0.926500  0.974883
0.926600  0.974972
0.926700  0.975051
0.926800  0.975117
0.926900  0.975168
0.927000  0.975200
0.927100  0.975211
0.927200  0.975204
0.927300  0.975180
0.927400  0.975143
0.927500  0.975096
0.927600  0.975041
0.927700  0.974981
0.927800  0.974919
0.927900  0.974858
0.928000  0.974800
0.928100  0.974748
0.928200  0.974704
0.928300  0.974668
0.928400  0.974640
0.928500  0.974622
0.928600  0.974614
0.928700  0.974617
0.928800  0.974632
0.928900  0.974659
0.929000  0.974700
0.929100  0.974754
0.929200  0.974819
0.929300  0.974892
0.929400  0.974967
0.929500  0.975043
0.929600  0.975115
0.929700  0.975181
0.929800  0.975236
0.929900  0.975277
0.930000  0.975300
0.930100  0.975303
0.930200  0.975289
0.930300  0.975259
0.930400  0.975218
0.930500  0.975169
0.930600  0.975113
0.930700  0.975056
0.930800  0.974999
0.930900  0.974946
0.931000  0.974900
0.931100  0.974864
0.931200  0.974838
0.931300  0.974824
0.931400  0.974822
0.931500  0.974833
0.931600  0.974857
0.931700  0.974895
0.931800  0.974948
0.931900  0.975016
0.932000  0.975100
0.932100  0.975200
0.932200  0.975314
0.932300  0.975437
0.932400  0.975568
0.932500  0.975701
0.932600  0.975834
0.932700  0.975964
0.932800  0.976087
0.932900  0.976200
0.933000  0.976300
0.933100  0.976383
0.933200  0.976450
0.933300  0.976500
0.933400  0.976534
0.933500  0.976551
0.933600  0.976552
0.933700  0.976538
0.933800  0.976508
0.933900  0.976461
0.934000  0.976400
0.934100  0.976324
0.934200  0.976236
0.934300  0.976141
0.934400  0.976043
0.934500  0.975944
0.934600  0.975851
0.934700  0.975766
0.934800  0.975693
0.934900  0.975636
0.935000  0.975600
0.935100  0.975587
0.935200  0.975595
0.935300  0.975622
0.935400  0.975665
0.935500  0.975721
0.935600  0.975787
0.935700  0.975861
0.935800  0.975940
0.935900  0.976020
0.936000  0.976100
0.936100  0.976176
0.936200  0.976248
0.936300  0.976313
0.936400  0.976372
0.936500  0.976421
0.936600  0.976461
0.936700  0.976490
0.936800  0.976507
0.936900  0.976511
0.937000  0.976500
0.937100  0.976474
0.937200  0.976436
0.937300  0.976388
0.937400  0.976336
0.937500  0.976281
0.937600  0.976228
0.937700  0.976180
0.937800  0.976140
0.937900  0.976112
0.938000  0.976100
0.938100  0.976105
0.938200  0.976127
0.938300  0.976163
0.938400  0.976210
0.938500  0.976267
0.938600  0.976330
0.938700  0.976397
0.938800  0.976466
0.938900  0.976535
0.939000  0.976600
0.939100  0.976660
0.939200  0.976714
0.939300  0.976761
0.939400  0.976799
0.939500  0.976827
0.939600  0.976846
0.939700  0.976854
0.939800  0.976849
0.939900  0.976832
0.940000  0.976800
0.940100  0.976754
0.940200  0.976698
0.940300  0.976633
0.940400  0.976566
0.940500  0.976499
0.940600  0.976435
0.940700  0.976380
0.940800  0.976337
0.940900  0.976309
0.941000  0.976300
0.941100  0.976313
0.941200  0.976346
0.941300  0.976395
0.941400  0.976457
0.941500  0.976528
0.941600  0.976605
0.941700  0.976684
0.941800  0.976762
0.941900  0.976835
0.942000  0.976900
0.942100  0.976954
0.942200  0.976996
0.942300  0.977026
0.942400  0.977045
0.942500  0.977051
0.942600  0.977045
0.942700  0.977028
0.942800  0.976997
0.942900  0.976955
0.943000  0.976900
0.943100  0.976833
0.943200  0.976757
0.943300  0.976675
0.943400  0.976590
0.943500  0.976505
0.943600  0.976424
0.943700  0.976349
0.943800  0.976285
0.943900  0.976234
0.944000  0.976200
0.944100  0.976185
0.944200  0.976187
0.944300  0.976205
0.944400  0.976236
0.944500  0.976280
0.944600  0.976333
0.944700  0.976393
0.944800  0.976459
0.944900  0.976529
0.945000  0.976600
0.945100  0.976671
0.945200  0.976740
0.945300  0.976807
0.945400  0.976869
0.945500  0.976927
0.945600  0.976978
0.945700  0.977023
0.945800  0.977058
0.945900  0.977085
0.946000  0.977100
0.946100  0.977104
0.946200  0.977099
0.946300  0.977087
0.946400  0.977069
0.946500  0.977050
0.946600  0.977031
0.946700  0.977013
0.946800  0.977001
0.946900  0.976996
0.947000  0.977000
0.947100  0.977015
0.947200  0.977042
0.947300  0.977077
0.947400  0.977121
0.947500  0.977173
0.947600  0.977230
0.947700  0.977293
0.947800  0.977360
0.947900  0.977429
0.948000  0.977500
0.948100  0.977571
0.948200  0.977641
0.948300  0.977707
0.948400  0.977768
0.948500  0.977821
0.948600  0.977864
0.948700  0.977896
0.948800  0.977914
0.948900  0.977916
0.949000  0.977900
0.949100  0.977865
0.949200  0.977814
0.949300  0.977749
0.949400  0.977675
0.949500  0.977593
0.949600  0.977508
0.949700  0.977423
0.949800  0.977341
0.949900  0.977266
0.950000  0.977200
0.950100  0.977147
0.950200  0.977106
0.950300  0.977077
0.950400  0.977061
0.950500  0.977057
0.950600  0.977064
0.950700  0.977082
0.950800  0.977111
0.950900  0.977150
0.951000  0.977200
0.951100  0.977259
0.951200  0.977326
0.951300  0.977397
0.951400  0.977471
0.951500  0.977543
0.951600  0.977612
0.951700  0.977675
0.951800  0.977729
0.951900  0.977772
0.952000  0.977800
0.952100  0.977813
0.952200  0.977811
0.952300  0.977798
0.952400  0.977776
0.952500  0.977747
0.952600  0.977715
0.952700  0.977681
0.952800  0.977649
0.952900  0.977621
0.953000  0.977600
0.953100  0.977588
0.953200  0.977584
0.953300  0.977588
0.953400  0.977601
0.953500  0.977620
0.953600  0.977645
0.953700  0.977677
0.953800  0.977713
0.953900  0.977755
0.954000  0.977800
0.954100  0.977849
0.954200  0.977899
0.954300  0.977948
0.954400  0.977995
0.954500  0.978037
0.954600  0.978072
0.954700  0.978098
0.954800  0.978112
0.954900  0.978114
0.955000  0.978100
0.955100  0.978069
0.955200  0.978024
0.955300  0.977968
0.955400  0.977903
0.955500  0.977832
0.955600  0.977759
0.955700  0.977686
0.955800  0.977617
0.955900  0.977554
0.956000  0.977500
0.956100  0.977458
0.956200  0.977427
0.956300  0.977407
0.956400  0.977397
0.956500  0.977396
0.956600  0.977404
0.956700  0.977418
0.956800  0.977440
0.956900  0.977467
0.957000  0.977500
0.957100  0.977537
0.957200  0.977576
0.957300  0.977617
0.957400  0.977657
0.957500  0.977695
0.957600  0.977730
0.957700  0.977759
0.957800  0.977782
0.957900  0.977796
0.958000  0.977800
0.958100  0.977793
0.958200  0.977778
0.958300  0.977755
0.958400  0.977728
0.958500  0.977699
0.958600  0.977669
0.958700  0.977642
0.958800  0.977620
0.958900  0.977606
0.959000  0.977600
0.959100  0.977606
0.959200  0.977622
0.959300  0.977648
0.959400  0.977682
0.959500  0.977724
0.959600  0.977771
0.959700  0.977824
0.959800  0.977880
0.959900  0.977939
0.960000  0.978000
0.960100  0.978061
0.960200  0.978121
0.960300  0.978179
0.960400  0.978233
0.960500  0.978282
0.960600  0.978325
0.960700  0.978359
0.960800  0.978384
0.960900  0.978398
0.961000  0.978400
0.961100  0.978389
0.961200  0.978367
0.961300  0.978336
0.961400  0.978300
0.961500  0.978260
0.961600  0.978219
0.961700  0.978181
0.961800  0.978146
0.961900  0.978118
0.962000  0.978100
0.962100  0.978093
0.962200  0.978097
0.962300  0.978111
0.962400  0.978134
0.962500  0.978165
0.962600  0.978203
0.962700  0.978246
0.962800  0.978294
0.962900  0.978346
0.963000  0.978400
0.963100  0.978456
0.963200  0.978512
0.963300  0.978567
0.963400  0.978619
0.963500  0.978667
0.963600  0.978710
0.963700  0.978746
0.963800  0.978774
0.963900  0.978792
0.964000  0.978800
0.964100  0.978796
0.964200  0.978781
0.964300  0.978757
0.964400  0.978727
0.964500  0.978691
0.964600  0.978652
0.964700  0.978612
0.964800  0.978572
0.964900  0.978534
0.965000  0.978500
0.965100  0.978471
0.965200  0.978449
0.965300  0.978432
0.965400  0.978422
0.965500  0.978418
0.965600  0.978420
0.965700  0.978430
0.965800  0.978446
0.965900  0.978469
0.966000  0.978500
0.966100  0.978538
0.966200  0.978581
0.966300  0.978628
0.966400  0.978676
0.966500  0.978725
0.966600  0.978771
0.966700  0.978814
0.966800  0.978851
0.966900  0.978880
0.967000  0.978900
0.967100  0.978909
0.967200  0.978908
0.967300  0.978898
0.967400  0.978881
0.967500  0.978858
0.967600  0.978830
0.967700  0.978799
0.967800  0.978766
0.967900  0.978733
0.968000  0.978700
0.968100  0.978669
0.968200  0.978642
0.968300  0.978619
0.968400  0.978603
0.968500  0.978593
0.968600  0.978593
0.968700  0.978601
0.968800  0.978621
0.968900  0.978654
0.969000  0.978700
0.969100  0.978760
0.969200  0.978832
0.969300  0.978912
0.969400  0.978996
0.969500  0.979081
0.969600  0.979164
0.969700  0.979241
0.969800  0.979308
0.969900  0.979362
0.970000  0.979400
0.970100  0.979419
0.970200  0.979420
0.970300  0.979407
0.970400  0.979381
0.970500  0.979344
0.970600  0.979301
0.970700  0.979252
0.970800  0.979201
0.970900  0.979149
0.971000  0.979100
0.971100  0.979055
0.971200  0.979016
0.971300  0.978981
0.971400  0.978952
0.971500  0.978929
0.971600  0.978911
0.971700  0.978899
0.971800  0.978893
0.971900  0.978894
0.972000  0.978900
0.972100  0.978913
0.972200  0.978931
0.972300  0.978953
0.972400  0.978977
0.972500  0.979002
0.972600  0.979028
0.972700  0.979051
0.972800  0.979072
0.972900  0.979089
0.973000  0.979100
0.973100  0.979105
0.973200  0.979103
0.973300  0.979097
0.973400  0.979087
0.973500  0.979074
0.973600  0.979059
0.973700  0.979043
0.973800  0.979027
0.973900  0.979013
0.974000  0.979000
0.974100  0.978990
0.974200  0.978984
0.974300  0.978982
0.974400  0.978984
0.974500  0.978990
0.974600  0.979001
0.974700  0.979017
0.974800  0.979039
0.974900  0.979066
0.975000  0.979100
0.975100  0.979140
0.975200  0.979185
0.975300  0.979232
0.975400  0.979281
0.975500  0.979329
0.975600  0.979375
0.975700  0.979417
0.975800  0.979453
0.975900  0.979481
0.976000  0.979500
0.976100  0.979508
0.976200  0.979506
0.976300  0.979496
0.976400  0.979478
0.976500  0.979455
0.976600  0.979428
0.976700  0.979397
0.976800  0.979365
0.976900  0.979332
0.977000  0.979300
0.977100  0.979270
0.977200  0.979244
0.977300  0.979221
0.977400  0.979202
0.977500  0.979187
0.977600  0.979177
0.977700  0.979173
0.977800  0.979175
0.977900  0.979184
0.978000  0.979200
0.978100  0.979223
0.978200  0.979253
0.978300  0.979286
0.978400  0.979322
0.978500  0.979360
0.978600  0.979396
0.978700  0.979430
0.978800  0.979460
0.978900  0.979484
0.979000  0.979500
0.979100  0.979508
0.979200  0.979507
0.979300  0.979501
0.979400  0.979489
0.979500  0.979474
0.979600  0.979458
0.979700  0.979440
0.979800  0.979424
0.979900  0.979410
0.980000  0.979400
0.980100  0.979395
0.980200  0.979395
0.980300  0.979399
0.980400  0.979407
0.980500  0.979418
0.980600  0.979431
0.980700  0.979447
0.980800  0.979464
0.980900  0.979482
0.981000  0.979500
0.981100  0.979518
0.981200  0.979537
0.981300  0.979555
0.981400  0.979574
0.981500  0.979593
0.981600  0.979613
0.981700  0.979633
0.981800  0.979654
0.981900  0.979677
0.982000  0.979700
0.982100  0.979725
0.982200  0.979750
0.982300  0.979775
0.982400  0.979800
0.982500  0.979823
0.982600  0.979845
0.982700  0.979864
0.982800  0.979880
0.982900  0.979892
0.983000  0.979900
0.983100  0.979903
0.983200  0.979902
0.983300  0.979897
0.983400  0.979889
0.983500  0.979878
0.983600  0.979864
0.983700  0.979849
0.983800  0.979833
0.983900  0.979817
0.984000  0.979800
0.984100  0.979784
0.984200  0.979769
0.984300  0.979754
0.984400  0.979741
0.984500  0.979730
0.984600  0.979719
0.984700  0.979711
0.984800  0.979705
0.984900  0.979701
0.985000  0.979700
0.985100  0.979701
0.985200  0.979704
0.985300  0.979709
0.985400  0.979713
0.985500  0.979717
0.985600  0.979720
0.985700  0.979720
0.985800  0.979717
0.985900  0.979711
0.986000  0.979700
0.986100  0.979684
0.986200  0.979664
0.986300  0.979643
0.986400  0.979622
0.986500  0.979602
0.986600  0.979587
0.986700  0.979577
0.986800  0.979575
0.986900  0.979582
0.987000  0.979600
0.987100  0.979631
0.987200  0.979672
0.987300  0.979722
0.987400  0.979777
0.987500  0.979836
0.987600  0.979896
0.987700  0.979955
0.987800  0.980010
0.987900  0.980059
0.988000  0.980100
0.988100  0.980130
0.988200  0.980151
0.988300  0.980163
0.988400  0.980168
0.988500  0.980166
0.988600  0.980159
0.988700  0.980147
0.988800  0.980133
0.988900  0.980117
0.989000  0.980100
0.989100  0.980083
0.989200  0.980068
0.989300  0.980055
0.989400  0.980045
0.989500  0.980039
0.989600  0.980038
0.989700  0.980042
0.989800  0.980054
0.989900  0.980073
0.990000  0.980100
0.990100  0.980136
0.990200  0.980180
0.990300  0.980228
0.990400  0.980279
0.990500  0.980329
0.990600  0.980378
0.990700  0.980421
0.990800  0.980458
0.990900  0.980485
0.991000  0.980500
0.991100  0.980502
0.991200  0.980491
0.991300  0.980468
0.991400  0.980435
0.991500  0.980394
0.991600  0.980345
0.991700  0.980290
0.991800  0.980230
0.991900  0.980166
0.992000  0.980100
0.992100  0.980033
0.992200  0.979968
0.992300  0.979905
0.992400  0.979847
0.992500  0.979795
0.992600  0.979752
0.992700  0.979719
0.992800  0.979698
0.992900  0.979691
0.993000  0.979700
0.993100  0.979726
0.993200  0.979767
0.993300  0.979819
0.993400  0.979882
0.993500  0.979951
0.993600  0.980024
0.993700  0.980098
0.993800  0.980170
0.993900  0.980239
0.994000  0.980300
0.994100  0.980352
0.994200  0.980394
0.994300  0.980427
0.994400  0.980451
0.994500  0.980465
0.994600  0.980470
0.994700  0.980465
0.994800  0.980452
0.994900  0.980431
0.995000  0.980400
0.995100  0.980361
0.995200  0.980316
0.995300  0.980267
0.995400  0.980216
0.995500  0.980166
0.995600  0.980118
0.995700  0.980075
0.995800  0.980040
0.995900  0.980014
0.996000  0.980000
0.996100  0.979999
0.996200  0.980011
0.996300  0.980032
0.996400  0.980062
0.996500  0.980098
0.996600  0.980138
0.996700  0.980180
0.996800  0.980222
0.996900  0.980263
0.997000  0.980300
0.997100  0.980332
0.997200  0.980358
0.997300  0.980379
0.997400  0.980395
0.997500  0.980407
0.997600  0.980413
0.997700  0.980416
0.997800  0.980414
0.997900  0.980409
0.998000  0.980400
0.998100  0.980388
0.998200  0.980373
0.998300  0.980357
0.998400  0.980341
0.998500  0.980326
0.998600  0.980313
0.998700  0.980303
0.998800  0.980296
0.998900  0.980295
0.999000  0.980300
0.999100  0.980312
0.999200  0.980330
0.999300  0.980353
0.999400  0.980382
0.999500  0.980413
0.999600  0.980448
0.999700  0.980485
0.999800  0.980523
0.999900  0.980562
1.000000  0.980600
1.000100  0.980637
1.000200  0.980671
1.000300  0.980701
1.000400  0.980726
1.000500  0.980745
1.000600  0.980756
1.000700  0.980758
1.000800  0.980751
1.000900  0.980732
1.001000  0.980700
1.001100  0.980655
1.001200  0.980600
1.001300  0.980539
1.001400  0.980473
1.001500  0.980408
1.001600  0.980346
1.001700  0.980290
1.001800  0.980245
1.001900  0.980214
1.002000  0.980200
1.002100  0.980205
1.002200  0.980228
1.002300  0.980266
1.002400  0.980316
1.002500  0.980374
1.002600  0.980439
1.002700  0.980507
1.002800  0.980575
1.002900  0.980640
1.003000  0.980700
1.003100  0.980752
1.003200  0.980796
1.003300  0.980832
1.003400  0.980861
1.003500  0.980882
1.003600  0.980898
1.003700  0.980907
1.003800  0.980910
1.003900  0.980907
1.004000  0.980900
1.004100  0.980888
1.004200  0.980873
1.004300  0.980856
1.004400  0.980838
1.004500  0.980821
1.004600  0.980807
1.004700  0.980796
1.004800  0.980790
1.004900  0.980791
1.005000  0.980800
1.005100  0.980818
1.005200  0.980843
1.005300  0.980874
1.005400  0.980908
1.005500  0.980945
1.005600  0.980983
1.005700  0.981019
1.005800  0.981051
1.005900  0.981079
1.006000  0.981100
1.006100  0.981113
1.006200  0.981118
1.006300  0.981116
1.006400  0.981109
1.006500  0.981097
1.006600  0.981081
1.006700  0.981063
1.006800  0.981043
1.006900  0.981021
1.007000  0.981000
1.007100  0.980980
1.007200  0.980962
1.007300  0.980946
1.007400  0.980935
1.007500  0.980928
1.007600  0.980927
1.007700  0.980933
1.007800  0.980947
1.007900  0.980969
1.008000  0.981000
1.008100  0.981041
1.008200  0.981090
1.008300  0.981143
1.008400  0.981198
1.008500  0.981252
1.008600  0.981302
1.008700  0.981344
1.008800  0.981377
1.008900  0.981396
1.009000  0.981400
1.009100  0.981386
1.009200  0.981356
1.009300  0.981313
1.009400  0.981260
1.009500  0.981201
1.009600  0.981137
1.009700  0.981072
1.009800  0.981009
1.009900  0.980951
1.010000  0.980900
1.010100  0.980860
1.010200  0.980829
1.010300  0.980809
1.010400  0.980798
1.010500  0.980795
1.010600  0.980801
1.010700  0.980815
1.010800  0.980837
1.010900  0.980865
1.011000  0.980900
1.011100  0.980941
1.011200  0.980986
1.011300  0.981034
1.011400  0.981083
1.011500  0.981131
1.011600  0.981176
1.011700  0.981218
1.011800  0.981253
1.011900  0.981281
1.012000  0.981300
1.012100  0.981308
1.012200  0.981307
1.012300  0.981297
1.012400  0.981280
1.012500  0.981257
1.012600  0.981229
1.012700  0.981199
1.012800  0.981166
1.012900  0.981133
1.013000  0.981100
1.013100  0.981069
1.013200  0.981041
1.013300  0.981016
1.013400  0.980995
1.013500  0.980980
1.013600  0.980969
1.013700  0.980966
1.013800  0.980969
1.013900  0.980980
1.014000  0.981000
1.014100  0.981029
1.014200  0.981065
1.014300  0.981107
1.014400  0.981153
1.014500  0.981200
1.014600  0.981248
1.014700  0.981293
1.014800  0.981335
1.014900  0.981371
1.015000  0.981400
1.015100  0.981420
1.015200  0.981431
1.015300  0.981434
1.015400  0.981430
1.015500  0.981419
1.015600  0.981403
1.015700  0.981383
1.015800  0.981358
1.015900  0.981330
1.016000  0.981300
1.016100  0.981268
1.016200  0.981236
1.016300  0.981205
1.016400  0.981175
1.016500  0.981148
1.016600  0.981126
1.016700  0.981108
1.016800  0.981098
1.016900  0.981094
1.017000  0.981100
1.017100  0.981115
1.017200  0.981138
1.017300  0.981168
1.017400  0.981202
1.017500  0.981238
1.017600  0.981276
1.017700  0.981313
1.017800  0.981347
1.017900  0.981377
1.018000  0.981400
1.018100  0.981416
1.018200  0.981424
1.018300  0.981426
1.018400  0.981421
1.018500  0.981411
1.018600  0.981396
1.018700  0.981377
1.018800  0.981354
1.018900  0.981328
1.019000  0.981300
1.019100  0.981270
1.019200  0.981239
1.019300  0.981207
1.019400  0.981174
1.019500  0.981142
1.019600  0.981111
1.019700  0.981080
1.019800  0.981051
1.019900  0.981024
1.020000  0.981000
1.020100  0.980978
1.020200  0.980960
1.020300  0.980944
1.020400  0.980931
1.020500  0.980920
1.020600  0.980911
1.020700  0.980906
1.020800  0.980902
1.020900  0.980900
1.021000  0.980900
1.021100  0.980902
1.021200  0.980905
1.021300  0.980909
1.021400  0.980913
1.021500  0.980916
1.021600  0.980918
1.021700  0.980918
1.021800  0.980915
1.021900  0.980909
1.022000  0.980900
1.022100  0.980887
1.022200  0.980870
1.022300  0.980852
1.022400  0.980834
1.022500  0.980817
1.022600  0.980803
1.022700  0.980793
1.022800  0.980788
1.022900  0.980790
1.023000  0.980800
1.023100  0.980819
1.023200  0.980847
1.023300  0.980882
1.023400  0.980922
1.023500  0.980966
1.023600  0.981013
1.023700  0.981061
1.023800  0.981109
1.023900  0.981156
1.024000  0.981200
1.024100  0.981240
1.024200  0.981276
1.024300  0.981308
1.024400  0.981335
1.024500  0.981358
1.024600  0.981376
1.024700  0.981389
1.024800  0.981398
1.024900  0.981401
1.025000  0.981400
1.025100  0.981394
1.025200  0.981384
1.025300  0.981371
1.025400  0.981356
1.025500  0.981341
1.025600  0.981327
1.025700  0.981314
1.025800  0.981305
1.025900  0.981300
1.026000  0.981300
1.026100  0.981306
1.026200  0.981318
1.026300  0.981335
1.026400  0.981355
1.026500  0.981378
1.026600  0.981403
1.026700  0.981429
1.026800  0.981454
1.026900  0.981478
1.027000  0.981500
1.027100  0.981519
1.027200  0.981535
1.027300  0.981549
1.027400  0.981561
1.027500  0.981570
1.027600  0.981578
1.027700  0.981585
1.027800  0.981591
1.027900  0.981596
1.028000  0.981600
1.028100  0.981604
1.028200  0.981608
1.028300  0.981611
1.028400  0.981614
1.028500  0.981615
1.028600  0.981616
1.028700  0.981615
1.028800  0.981612
1.028900  0.981607
1.029000  0.981600
1.029100  0.981591
1.029200  0.981580
1.029300  0.981568
1.029400  0.981556
1.029500  0.981543
1.029600  0.981531
1.029700  0.981520
1.029800  0.981511
1.029900  0.981504
1.030000  0.981500
1.030100  0.981499
1.030200  0.981501
1.030300  0.981504
1.030400  0.981508
1.030500  0.981512
1.030600  0.981515
1.030700  0.981516
1.030800  0.981515
1.030900  0.981510
1.031000  0.981500
1.031100  0.981485
1.031200  0.981466
1.031300  0.981444
1.031400  0.981420
1.031500  0.981396
1.031600  0.981371
1.031700  0.981348
1.031800  0.981328
1.031900  0.981312
1.032000  0.981300
1.032100  0.981294
1.032200  0.981294
1.032300  0.981298
1.032400  0.981307
1.032500  0.981318
1.032600  0.981332
1.032700  0.981348
1.032800  0.981365
1.032900  0.981383
1.033000  0.981400
1.033100  0.981416
1.033200  0.981431
1.033300  0.981445
1.033400  0.981458
1.033500  0.981469
1.033600  0.981478
1.033700  0.981486
1.033800  0.981493
1.033900  0.981497
1.034000  0.981500
1.034100  0.981501
1.034200  0.981500
1.034300  0.981499
1.034400  0.981497
1.034500  0.981494
1.034600  0.981493
1.034700  0.981492
1.034800  0.981493
1.034900  0.981495
1.035000  0.981500
1.035100  0.981508
1.035200  0.981517
1.035300  0.981529
1.035400  0.981541
1.035500  0.981554
1.035600  0.981566
1.035700  0.981578
1.035800  0.981588
1.035900  0.981595
1.036000  0.981600
1.036100  0.981602
1.036200  0.981600
1.036300  0.981595
1.036400  0.981588
1.036500  0.981578
1.036600  0.981566
1.036700  0.981552
1.036800  0.981536
1.036900  0.981519
1.037000  0.981500
1.037100  0.981481
1.037200  0.981460
1.037300  0.981439
1.037400  0.981418
1.037500  0.981397
1.037600  0.981376
1.037700  0.981356
1.037800  0.981336
1.037900  0.981318
1.038000  0.981300
1.038100  0.981284
1.038200  0.981269
1.038300  0.981256
1.038400  0.981244
1.038500  0.981234
1.038600  0.981224
1.038700  0.981216
1.038800  0.981210
1.038900  0.981204
1.039000  0.981200
1.039100  0.981197
1.039200  0.981195
1.039300  0.981194
1.039400  0.981194
1.039500  0.981194
1.039600  0.981195
1.039700  0.981196
1.039800  0.981197
1.039900  0.981199
1.040000  0.981200
1.040100  0.981201
1.040200  0.981203
1.040300  0.981206
1.040400  0.981210
1.040500  0.981216
1.040600  0.981225
1.040700  0.981237
1.040800  0.981254
1.040900  0.981274
1.041000  0.981300
1.041100  0.981331
1.041200  0.981367
1.041300  0.981406
1.041400  0.981448
1.041500  0.981492
1.041600  0.981536
1.041700  0.981580
1.041800  0.981623
1.041900  0.981663
1.042000  0.981700
1.042100  0.981733
1.042200  0.981761
1.042300  0.981785
1.042400  0.981804
1.042500  0.981817
1.042600  0.981825
1.042700  0.981828
1.042800  0.981825
1.042900  0.981815
1.043000  0.981800
1.043100  0.981778
1.043200  0.981752
1.043300  0.981721
1.043400  0.981687
1.043500  0.981652
1.043600  0.981617
1.043700  0.981583
1.043800  0.981552
1.043900  0.981523
1.044000  0.981500
1.044100  0.981482
1.044200  0.981470
1.044300  0.981463
1.044400  0.981460
1.044500  0.981461
1.044600  0.981465
1.044700  0.981471
1.044800  0.981479
1.044900  0.981489
1.045000  0.981500
1.045100  0.981511
1.045200  0.981521
1.045300  0.981531
1.045400  0.981538
1.045500  0.981543
1.045600  0.981544
1.045700  0.981541
1.045800  0.981533
1.045900  0.981520
1.046000  0.981500
1.046100  0.981473
1.046200  0.981441
1.046300  0.981404
1.046400  0.981362
1.046500  0.981319
1.046600  0.981273
1.046700  0.981228
1.046800  0.981183
1.046900  0.981140
1.047000  0.981100
1.047100  0.981064
1.047200  0.981033
1.047300  0.981006
1.047400  0.980985
1.047500  0.980970
1.047600  0.980962
1.047700  0.980960
1.047800  0.980965
1.047900  0.980979
1.048000  0.981000
1.048100  0.981030
1.048200  0.981066
1.048300  0.981108
1.048400  0.981153
1.048500  0.981200
1.048600  0.981247
1.048700  0.981292
1.048800  0.981334
1.048900  0.981370
1.049000  0.981400
1.049100  0.981421
1.049200  0.981435
1.049300  0.981442
1.049400  0.981444
1.049500  0.981441
1.049600  0.981435
1.049700  0.981427
1.049800  0.981418
1.049900  0.981408
1.050000  0.981400
1.050100  0.981393
1.050200  0.981389
1.050300  0.981385
1.050400  0.981384
1.050500  0.981384
1.050600  0.981385
1.050700  0.981388
1.050800  0.981391
1.050900  0.981395
1.051000  0.981400
1.051100  0.981405
1.051200  0.981411
1.051300  0.981416
1.051400  0.981420
1.051500  0.981423
1.051600  0.981424
1.051700  0.981422
1.051800  0.981418
1.051900  0.981411
1.052000  0.981400
1.052100  0.981385
1.052200  0.981367
1.052300  0.981346
1.052400  0.981323
1.052500  0.981300
1.052600  0.981277
1.052700  0.981254
1.052800  0.981233
1.052900  0.981215
1.053000  0.981200
1.053100  0.981189
1.053200  0.981182
1.053300  0.981180
1.053400  0.981183
1.053500  0.981190
1.053600  0.981201
1.053700  0.981218
1.053800  0.981240
1.053900  0.981267
1.054000  0.981300
1.054100  0.981338
1.054200  0.981380
1.054300  0.981424
1.054400  0.981471
1.054500  0.981517
1.054600  0.981561
1.054700  0.981604
1.054800  0.981642
1.054900  0.981674
1.055000  0.981700
1.055100  0.981718
1.055200  0.981728
1.055300  0.981732
1.055400  0.981728
1.055500  0.981719
1.055600  0.981704
1.055700  0.981684
1.055800  0.981660
1.055900  0.981632
1.056000  0.981600
1.056100  0.981566
1.056200  0.981530
1.056300  0.981493
1.056400  0.981456
1.056500  0.981421
1.056600  0.981388
1.056700  0.981358
1.056800  0.981333
1.056900  0.981313
1.057000  0.981300
1.057100  0.981294
1.057200  0.981294
1.057300  0.981300
1.057400  0.981310
1.057500  0.981324
1.057600  0.981339
1.057700  0.981355
1.057800  0.981372
1.057900  0.981387
1.058000  0.981400
1.058100  0.981410
1.058200  0.981417
1.058300  0.981421
1.058400  0.981423
1.058500  0.981422
1.058600  0.981420
1.058700  0.981417
1.058800  0.981412
1.058900  0.981406
1.059000  0.981400
1.059100  0.981394
1.059200  0.981387
1.059300  0.981382
1.059400  0.981378
1.059500  0.981375
1.059600  0.981374
1.059700  0.981376
1.059800  0.981380
1.059900  0.981388
1.060000  0.981400
1.060100  0.981416
1.060200  0.981435
1.060300  0.981456
1.060400  0.981480
1.060500  0.981503
1.060600  0.981527
1.060700  0.981549
1.060800  0.981569
1.060900  0.981587
1.061000  0.981600
1.061100  0.981609
1.061200  0.981613
1.061300  0.981613
1.061400  0.981608
1.061500  0.981600
1.061600  0.981587
1.061700  0.981571
1.061800  0.981551
1.061900  0.981527
1.062000  0.981500
1.062100  0.981470
1.062200  0.981438
1.062300  0.981404
1.062400  0.981370
1.062500  0.981336
1.062600  0.981303
1.062700  0.981272
1.062800  0.981244
1.062900  0.981220
1.063000  0.981200
1.063100  0.981186
1.063200  0.981176
1.063300  0.981171
1.063400  0.981169
1.063500  0.981170
1.063600  0.981174
1.063700  0.981180
1.063800  0.981186
1.063900  0.981193
1.064000  0.981200
1.064100  0.981206
1.064200  0.981211
1.064300  0.981213
1.064400  0.981212
1.064500  0.981208
1.064600  0.981198
1.064700  0.981184
1.064800  0.981163
1.064900  0.981135
1.065000  0.981100
1.065100  0.981057
1.065200  0.981007
1.065300  0.980952
1.065400  0.980895
1.065500  0.980836
1.065600  0.980779
1.065700  0.980725
1.065800  0.980676
1.065900  0.980634
1.066000  0.980600
1.066100  0.980577
1.066200  0.980563
1.066300  0.980558
1.066400  0.980562
1.066500  0.980572
1.066600  0.980589
1.066700  0.980611
1.066800  0.980637
1.066900  0.980667
1.067000  0.980700
1.067100  0.980735
1.067200  0.980770
1.067300  0.980806
1.067400  0.980842
1.067500  0.980876
1.067600  0.980908
1.067700  0.980937
1.067800  0.980963
1.067900  0.980984
1.068000  0.981000
1.068100  0.981010
1.068200  0.981016
1.068300  0.981018
1.068400  0.981016
1.068500  0.981013
1.068600  0.981008
1.068700  0.981004
1.068800  0.981000
1.068900  0.980999
1.069000  0.981000
1.069100  0.981005
1.069200  0.981014
1.069300  0.981026
1.069400  0.981042
1.069500  0.981061
1.069600  0.981083
1.069700  0.981108
1.069800  0.981136
1.069900  0.981167
1.070000  0.981200
1.070100  0.981236
1.070200  0.981272
1.070300  0.981308
1.070400  0.981341
1.070500  0.981370
1.070600  0.981394
1.070700  0.981410
1.070800  0.981418
1.070900  0.981415
1.071000  0.981400
1.071100  0.981372
1.071200  0.981332
1.071300  0.981283
1.071400  0.981224
1.071500  0.981160
1.071600  0.981090
1.071700  0.981018
1.071800  0.980944
1.071900  0.980871
1.072000  0.980800
1.072100  0.980733
1.072200  0.980671
1.072300  0.980613
1.072400  0.980562
1.072500  0.980516
1.072600  0.980478
1.072700  0.980446
1.072800  0.980422
1.072900  0.980407
1.073000  0.980400
1.073100  0.980402
1.073200  0.980412
1.073300  0.980429
1.073400  0.980451
1.073500  0.980475
1.073600  0.980502
1.073700  0.980530
1.073800  0.980556
1.073900  0.980580
1.074000  0.980600
1.074100  0.980615
1.074200  0.980625
1.074300  0.980631
1.074400  0.980633
1.074500  0.980632
1.074600  0.980628
1.074700  0.980623
1.074800  0.980616
1.074900  0.980608
1.075000  0.980600
1.075100  0.980592
1.075200  0.980585
1.075300  0.980579
1.075400  0.980574
1.075500  0.980572
1.075600  0.980571
1.075700  0.980573
1.075800  0.980579
1.075900  0.980587
1.076000  0.980600
1.076100  0.980617
1.076200  0.980636
1.076300  0.980659
1.076400  0.980682
1.076500  0.980706
1.076600  0.980730
1.076700  0.980752
1.076800  0.980771
1.076900  0.980788
1.077000  0.980800
1.077100  0.980807
1.077200  0.980810
1.077300  0.980807
1.077400  0.980801
1.077500  0.980791
1.077600  0.980778
1.077700  0.980762
1.077800  0.980744
1.077900  0.980723
1.078000  0.980700
1.078100  0.980676
1.078200  0.980651
1.078300  0.980626
1.078400  0.980602
1.078500  0.980578
1.078600  0.980557
1.078700  0.980537
1.078800  0.980521
1.078900  0.980509
1.079000  0.980500
1.079100  0.980496
1.079200  0.980497
1.079300  0.980501
1.079400  0.980509
1.079500  0.980520
1.079600  0.980533
1.079700  0.980548
1.079800  0.980565
1.079900  0.980582
1.080000  0.980600
1.080100  0.980618
1.080200  0.980635
1.080300  0.980651
1.080400  0.980666
1.080500  0.980679
1.080600  0.980689
1.080700  0.980697
1.080800  0.980702
1.080900  0.980703
1.081000  0.980700
1.081100  0.980693
1.081200  0.980682
1.081300  0.980667
1.081400  0.980649
1.081500  0.980628
1.081600  0.980605
1.081700  0.980580
1.081800  0.980554
1.081900  0.980527
1.082000  0.980500
1.082100  0.980473
1.082200  0.980446
1.082300  0.980420
1.082400  0.980395
1.082500  0.980372
1.082600  0.980351
1.082700  0.980333
1.082800  0.980318
1.082900  0.980307
1.083000  0.980300
1.083100  0.980297
1.083200  0.980298
1.083300  0.980301
1.083400  0.980305
1.083500  0.980310
1.083600  0.980314
1.083700  0.980316
1.083800  0.980315
1.083900  0.980310
1.084000  0.980300
1.084100  0.980284
1.084200  0.980263
1.084300  0.980238
1.084400  0.980209
1.084500  0.980177
1.084600  0.980142
1.084700  0.980107
1.084800  0.980071
1.084900  0.980035
1.085000  0.980000
1.085100  0.979967
1.085200  0.979936
1.085300  0.979908
1.085400  0.979882
1.085500  0.979859
1.085600  0.979839
1.085700  0.979823
1.085800  0.979811
1.085900  0.979804
1.086000  0.979800
1.086100  0.979801
1.086200  0.979806
1.086300  0.979815
1.086400  0.979825
1.086500  0.979838
1.086600  0.979851
1.086700  0.979865
1.086800  0.979878
1.086900  0.979890
1.087000  0.979900
1.087100  0.979907
1.087200  0.979912
1.087300  0.979915
1.087400  0.979915
1.087500  0.979915
1.087600  0.979913
1.087700  0.979910
1.087800  0.979907
1.087900  0.979903
1.088000  0.979900
1.088100  0.979897
1.088200  0.979894
1.088300  0.979890
1.088400  0.979885
1.088500  0.979879
1.088600  0.979870
1.088700  0.979858
1.088800  0.979843
1.088900  0.979824
1.089000  0.979800
1.089100  0.979772
1.089200  0.979739
1.089300  0.979702
1.089400  0.979663
1.089500  0.979621
1.089600  0.979577
1.089700  0.979533
1.089800  0.979488
1.089900  0.979443
1.090000  0.979400
1.090100  0.979358
1.090200  0.979318
1.090300  0.979281
1.090400  0.979246
1.090500  0.979213
1.090600  0.979184
1.090700  0.979157
1.090800  0.979134
1.090900  0.979115
1.091000  0.979100
1.091100  0.979089
1.091200  0.979082
1.091300  0.979078
1.091400  0.979076
1.091500  0.979077
1.091600  0.979080
1.091700  0.979084
1.091800  0.979089
1.091900  0.979095
1.092000  0.979100
1.092100  0.979105
1.092200  0.979110
1.092300  0.979115
1.092400  0.979121
1.092500  0.979129
1.092600  0.979138
1.092700  0.979149
1.092800  0.979163
1.092900  0.979180
1.093000  0.979200
1.093100  0.979224
1.093200  0.979252
1.093300  0.979281
1.093400  0.979313
1.093500  0.979346
1.093600  0.979379
1.093700  0.979412
1.093800  0.979443
1.093900  0.979473
1.094000  0.979500
1.094100  0.979524
1.094200  0.979545
1.094300  0.979562
1.094400  0.979576
1.094500  0.979588
1.094600  0.979596
1.094700  0.979601
1.094800  0.979604
1.094900  0.979603
1.095000  0.979600
1.095100  0.979594
1.095200  0.979586
1.095300  0.979576
1.095400  0.979566
1.095500  0.979554
1.095600  0.979542
1.095700  0.979530
1.095800  0.979519
1.095900  0.979508
1.096000  0.979500
1.096100  0.979493
1.096200  0.979488
1.096300  0.979483
1.096400  0.979479
1.096500  0.979473
1.096600  0.979465
1.096700  0.979454
1.096800  0.979441
1.096900  0.979423
1.097000  0.979400
1.097100  0.979372
1.097200  0.979339
1.097300  0.979302
1.097400  0.979261
1.097500  0.979219
1.097600  0.979174
1.097700  0.979130
1.097800  0.979085
1.097900  0.979042
1.098000  0.979000
1.098100  0.978961
1.098200  0.978925
1.098300  0.978893
1.098400  0.978865
1.098500  0.978841
1.098600  0.978821
1.098700  0.978807
1.098800  0.978799
1.098900  0.978796
1.099000  0.978800
1.099100  0.978810
1.099200  0.978826
1.099300  0.978846
1.099400  0.978869
1.099500  0.978894
1.099600  0.978919
1.099700  0.978944
1.099800  0.978966
1.099900  0.978985
1.100000  0.979000
1.100100  0.979009
1.100200  0.979013
1.100300  0.979012
1.100400  0.979007
1.100500  0.978997
1.100600  0.978983
1.100700  0.978967
1.100800  0.978947
1.100900  0.978925
1.101000  0.978900
1.101100  0.978874
1.101200  0.978847
1.101300  0.978820
1.101400  0.978793
1.101500  0.978768
1.101600  0.978746
1.101700  0.978728
1.101800  0.978713
1.101900  0.978704
1.102000  0.978700
1.102100  0.978703
1.102200  0.978711
1.102300  0.978724
1.102400  0.978738
1.102500  0.978754
1.102600  0.978770
1.102700  0.978784
1.102800  0.978794
1.102900  0.978800
1.103000  0.978800
1.103100  0.978793
1.103200  0.978779
1.103300  0.978758
1.103400  0.978733
1.103500  0.978702
1.103600  0.978667
1.103700  0.978629
1.103800  0.978588
1.103900  0.978545
1.104000  0.978500
1.104100  0.978455
1.104200  0.978410
1.104300  0.978366
1.104400  0.978325
1.104500  0.978288
1.104600  0.978256
1.104700  0.978230
1.104800  0.978211
1.104900  0.978201
1.105000  0.978200
1.105100  0.978209
1.105200  0.978228
1.105300  0.978253
1.105400  0.978285
1.105500  0.978320
1.105600  0.978358
1.105700  0.978397
1.105800  0.978434
1.105900  0.978469
1.106000  0.978500
1.106100  0.978525
1.106200  0.978544
1.106300  0.978558
1.106400  0.978565
1.106500  0.978568
1.106600  0.978565
1.106700  0.978556
1.106800  0.978543
1.106900  0.978524
1.107000  0.978500
1.107100  0.978472
1.107200  0.978440
1.107300  0.978405
1.107400  0.978369
1.107500  0.978334
1.107600  0.978299
1.107700  0.978268
1.107800  0.978240
1.107900  0.978217
1.108000  0.978200
1.108100  0.978190
1.108200  0.978187
1.108300  0.978190
1.108400  0.978198
1.108500  0.978210
1.108600  0.978225
1.108700  0.978242
1.108800  0.978261
1.108900  0.978281
1.109000  0.978300
1.109100  0.978318
1.109200  0.978335
1.109300  0.978349
1.109400  0.978359
1.109500  0.978365
1.109600  0.978365
1.109700  0.978360
1.109800  0.978348
1.109900  0.978328
1.110000  0.978300
1.110100  0.978263
1.110200  0.978218
1.110300  0.978168
1.110400  0.978114
1.110500  0.978057
1.110600  0.978000
1.110700  0.977944
1.110800  0.977890
1.110900  0.977842
1.111000  0.977800
1.111100  0.977766
1.111200  0.977740
1.111300  0.977722
1.111400  0.977711
1.111500  0.977708
1.111600  0.977712
1.111700  0.977724
1.111800  0.977742
1.111900  0.977768
1.112000  0.977800
1.112100  0.977838
1.112200  0.977882
1.112300  0.977928
1.112400  0.977976
1.112500  0.978024
1.112600  0.978069
1.112700  0.978112
1.112800  0.978149
1.112900  0.978179
1.113000  0.978200
1.113100  0.978212
1.113200  0.978214
1.113300  0.978207
1.113400  0.978193
1.113500  0.978173
1.113600  0.978146
1.113700  0.978115
1.113800  0.978079
1.113900  0.978041
1.114000  0.978000
1.114100  0.977958
1.114200  0.977915
1.114300  0.977871
1.114400  0.977828
1.114500  0.977786
1.114600  0.977744
1.114700  0.977704
1.114800  0.977667
1.114900  0.977632
1.115000  0.977600
1.115100  0.977572
1.115200  0.977546
1.115300  0.977524
1.115400  0.977504
1.115500  0.977485
1.115600  0.977467
1.115700  0.977451
1.115800  0.977434
1.115900  0.977417
1.116000  0.977400
1.116100  0.977381
1.116200  0.977362
1.116300  0.977342
1.116400  0.977321
1.116500  0.977300
1.116600  0.977279
1.116700  0.977258
1.116800  0.977238
1.116900  0.977218
1.117000  0.977200
1.117100  0.977183
1.117200  0.977167
1.117300  0.977153
1.117400  0.977140
1.117500  0.977129
1.117600  0.977119
1.117700  0.977111
1.117800  0.977105
1.117900  0.977102
1.118000  0.977100
1.118100  0.977100
1.118200  0.977103
1.118300  0.977108
1.118400  0.977115
1.118500  0.977124
1.118600  0.977135
1.118700  0.977148
1.118800  0.977163
1.118900  0.977181
1.119000  0.977200
1.119100  0.977221
1.119200  0.977244
1.119300  0.977268
1.119400  0.977291
1.119500  0.977314
1.119600  0.977336
1.119700  0.977356
1.119800  0.977374
1.119900  0.977389
1.120000  0.977400
1.120100  0.977407
1.120200  0.977410
1.120300  0.977408
1.120400  0.977403
1.120500  0.977394
1.120600  0.977382
1.120700  0.977366
1.120800  0.977347
1.120900  0.977325
1.121000  0.977300
1.121100  0.977273
1.121200  0.977243
1.121300  0.977214
1.121400  0.977186
1.121500  0.977159
1.121600  0.977136
1.121700  0.977117
1.121800  0.977104
1.121900  0.977098
1.122000  0.977100
1.122100  0.977111
1.122200  0.977129
1.122300  0.977152
1.122400  0.977179
1.122500  0.977207
1.122600  0.977234
1.122700  0.977259
1.122800  0.977280
1.122900  0.977294
1.123000  0.977300
1.123100  0.977296
1.123200  0.977283
1.123300  0.977262
1.123400  0.977234
1.123500  0.977201
1.123600  0.977164
1.123700  0.977124
1.123800  0.977083
1.123900  0.977041
1.124000  0.977000
1.124100  0.976961
1.124200  0.976924
1.124300  0.976889
1.124400  0.976856
1.124500  0.976825
1.124600  0.976796
1.124700  0.976770
1.124800  0.976744
1.124900  0.976721
1.125000  0.976700
1.125100  0.976680
1.125200  0.976662
1.125300  0.976645
1.125400  0.976627
1.125500  0.976610
1.125600  0.976592
1.125700  0.976572
1.125800  0.976551
1.125900  0.976527
1.126000  0.976500
1.126100  0.976470
1.126200  0.976437
1.126300  0.976401
1.126400  0.976363
1.126500  0.976323
1.126600  0.976281
1.126700  0.976237
1.126800  0.976192
1.126900  0.976146
1.127000  0.976100
1.127100  0.976054
1.127200  0.976008
1.127300  0.975964
1.127400  0.975923
1.127500  0.975886
1.127600  0.975855
1.127700  0.975829
1.127800  0.975811
1.127900  0.975801
1.128000  0.975800
1.128100  0.975809
1.128200  0.975828
1.128300  0.975853
1.128400  0.975884
1.128500  0.975919
1.128600  0.975957
1.128700  0.975996
1.128800  0.976033
1.128900  0.976069
1.129000  0.976100
1.129100  0.976126
1.129200  0.976147
1.129300  0.976161
1.129400  0.976170
1.129500  0.976174
1.129600  0.976171
1.129700  0.976162
1.129800  0.976148
1.129900  0.976127
1.130000  0.976100
1.130100  0.976067
1.130200  0.976029
1.130300  0.975988
1.130400  0.975944
1.130500  0.975899
1.130600  0.975854
1.130700  0.975810
1.130800  0.975769
1.130900  0.975732
1.131000  0.975700
1.131100  0.975674
1.131200  0.975654
1.131300  0.975638
1.131400  0.975627
1.131500  0.975619
1.131600  0.975613
1.131700  0.975609
1.131800  0.975606
1.131900  0.975603
1.132000  0.975600
1.132100  0.975595
1.132200  0.975589
1.132300  0.975582
1.132400  0.975573
1.132500  0.975564
1.132600  0.975553
1.132700  0.975541
1.132800  0.975528
1.132900  0.975515
1.133000  0.975500
1.133100  0.975485
1.133200  0.975468
1.133300  0.975451
1.133400  0.975433
1.133500  0.975414
1.133600  0.975394
1.133700  0.975372
1.133800  0.975349
1.133900  0.975325
1.134000  0.975300
1.134100  0.975273
1.134200  0.975246
1.134300  0.975219
1.134400  0.975193
1.134500  0.975169
1.134600  0.975147
1.134700  0.975128
1.134800  0.975114
1.134900  0.975104
1.135000  0.975100
1.135100  0.975102
1.135200  0.975109
1.135300  0.975121
1.135400  0.975134
1.135500  0.975150
1.135600  0.975165
1.135700  0.975179
1.135800  0.975190
1.135900  0.975197
1.136000  0.975200
1.136100  0.975196
1.136200  0.975186
1.136300  0.975170
1.136400  0.975148
1.136500  0.975121
1.136600  0.975087
1.136700  0.975048
1.136800  0.975004
1.136900  0.974955
1.137000  0.974900
1.137100  0.974841
1.137200  0.974778
1.137300  0.974715
1.137400  0.974652
1.137500  0.974593
1.137600  0.974537
1.137700  0.974488
1.137800  0.974448
1.137900  0.974418
1.138000  0.974400
1.138100  0.974396
1.138200  0.974403
1.138300  0.974420
1.138400  0.974444
1.138500  0.974472
1.138600  0.974503
1.138700  0.974533
1.138800  0.974561
1.138900  0.974584
1.139000  0.974600
1.139100  0.974607
1.139200  0.974605
1.139300  0.974595
1.139400  0.974579
1.139500  0.974557
1.139600  0.974531
1.139700  0.974501
1.139800  0.974468
1.139900  0.974434
1.140000  0.974400
1.140100  0.974366
1.140200  0.974333
1.140300  0.974300
1.140400  0.974268
1.140500  0.974237
1.140600  0.974207
1.140700  0.974179
1.140800  0.974151
1.140900  0.974125
1.141000  0.974100
1.141100  0.974077
1.141200  0.974055
1.141300  0.974034
1.141400  0.974014
1.141500  0.973994
1.141600  0.973975
1.141700  0.973957
1.141800  0.973938
1.141900  0.973919
1.142000  0.973900
1.142100  0.973880
1.142200  0.973860
1.142300  0.973840
1.142400  0.973819
1.142500  0.973798
1.142600  0.973778
1.142700  0.973757
1.142800  0.973738
1.142900  0.973719
1.143000  0.973700
1.143100  0.973683
1.143200  0.973666
1.143300  0.973651
1.143400  0.973637
1.143500  0.973626
1.143600  0.973616
1.143700  0.973608
1.143800  0.973603
1.143900  0.973600
1.144000  0.973600
1.144100  0.973603
1.144200  0.973609
1.144300  0.973617
1.144400  0.973626
1.144500  0.973637
1.144600  0.973650
1.144700  0.973662
1.144800  0.973675
1.144900  0.973688
1.145000  0.973700
1.145100  0.973711
1.145200  0.973721
1.145300  0.973729
1.145400  0.973734
1.145500  0.973737
1.145600  0.973737
1.145700  0.973734
1.145800  0.973727
1.145900  0.973716
1.146000  0.973700
1.146100  0.973680
1.146200  0.973655
1.146300  0.973627
1.146400  0.973596
1.146500  0.973564
1.146600  0.973530
1.146700  0.973496
1.146800  0.973463
1.146900  0.973430
1.147000  0.973400
1.147100  0.973372
1.147200  0.973347
1.147300  0.973324
1.147400  0.973303
1.147500  0.973283
1.147600  0.973265
1.147700  0.973248
1.147800  0.973232
1.147900  0.973216
1.148000  0.973200
1.148100  0.973184
1.148200  0.973168
1.148300  0.973152
1.148400  0.973134
1.148500  0.973116
1.148600  0.973096
1.148700  0.973075
1.148800  0.973052
1.148900  0.973027
1.149000  0.973000
1.149100  0.972971
1.149200  0.972939
1.149300  0.972907
1.149400  0.972874
1.149500  0.972841
1.149600  0.972809
1.149700  0.972778
1.149800  0.972749
1.149900  0.972723
1.150000  0.972700
1.150100  0.972681
1.150200  0.972666
1.150300  0.972655
1.150400  0.972648
1.150500  0.972645
1.150600  0.972647
1.150700  0.972653
1.150800  0.972664
1.150900  0.972680
1.151000  0.972700
1.151100  0.972725
1.151200  0.972753
1.151300  0.972785
1.151400  0.972818
1.151500  0.972852
1.151600  0.972886
1.151700  0.972919
1.151800  0.972949
1.151900  0.972977
1.152000  0.973000
1.152100  0.973018
1.152200  0.973032
1.152300  0.973041
1.152400  0.973045
1.152500  0.973046
1.152600  0.973043
1.152700  0.973036
1.152800  0.973027
1.152900  0.973015
1.153000  0.973000
1.153100  0.972983
1.153200  0.972965
1.153300  0.972945
1.153400  0.972924
1.153500  0.972903
1.153600  0.972881
1.153700  0.972860
1.153800  0.972839
1.153900  0.972819
1.154000  0.972800
1.154100  0.972783
1.154200  0.972767
1.154300  0.972751
1.154400  0.972736
1.154500  0.972719
1.154600  0.972701
1.154700  0.972681
1.154800  0.972657
1.154900  0.972631
1.155000  0.972600
1.155100  0.972565
1.155200  0.972526
1.155300  0.972484
1.155400  0.972441
1.155500  0.972397
1.155600  0.972353
1.155700  0.972310
1.155800  0.972270
1.155900  0.972233
1.156000  0.972200
1.156100  0.972172
1.156200  0.972150
1.156300  0.972132
1.156400  0.972118
1.156500  0.972108
1.156600  0.972101
1.156700  0.972097
1.156800  0.972096
1.156900  0.972097
1.157000  0.972100
1.157100  0.972104
1.157200  0.972109
1.157300  0.972115
1.157400  0.972119
1.157500  0.972123
1.157600  0.972125
1.157700  0.972124
1.157800  0.972120
1.157900  0.972112
1.158000  0.972100
1.158100  0.972083
1.158200  0.972061
1.158300  0.972036
1.158400  0.972007
1.158500  0.971976
1.158600  0.971942
1.158700  0.971907
1.158800  0.971872
1.158900  0.971836
1.159000  0.971800
1.159100  0.971765
1.159200  0.971732
1.159300  0.971701
1.159400  0.971673
1.159500  0.971649
1.159600  0.971628
1.159700  0.971612
1.159800  0.971602
1.159900  0.971598
1.160000  0.971600
1.160100  0.971609
1.160200  0.971625
1.160300  0.971644
1.160400  0.971668
1.160500  0.971693
1.160600  0.971718
1.160700  0.971743
1.160800  0.971766
1.160900  0.971785
1.161000  0.971800
1.161100  0.971809
1.161200  0.971812
1.161300  0.971810
1.161400  0.971804
1.161500  0.971794
1.161600  0.971780
1.161700  0.971763
1.161800  0.971744
1.161900  0.971723
1.162000  0.971700
1.162100  0.971676
1.162200  0.971652
1.162300  0.971626
1.162400  0.971599
1.162500  0.971570
1.162600  0.971540
1.162700  0.971508
1.162800  0.971474
1.162900  0.971438
1.163000  0.971400
1.163100  0.971359
1.163200  0.971317
1.163300  0.971274
1.163400  0.971230
1.163500  0.971187
1.163600  0.971145
1.163700  0.971104
1.163800  0.971066
1.163900  0.971031
1.164000  0.971000
1.164100  0.970973
1.164200  0.970950
1.164300  0.970932
1.164400  0.970917
1.164500  0.970906
1.164600  0.970899
1.164700  0.970895
1.164800  0.970894
1.164900  0.970895
1.165000  0.970900
1.165100  0.970907
1.165200  0.970915
1.165300  0.970924
1.165400  0.970932
1.165500  0.970938
1.165600  0.970941
1.165700  0.970939
1.165800  0.970933
1.165900  0.970920
1.166000  0.970900
1.166100  0.970871
1.166200  0.970835
1.166300  0.970793
1.166400  0.970745
1.166500  0.970693
1.166600  0.970637
1.166700  0.970578
1.166800  0.970519
1.166900  0.970459
1.167000  0.970400
1.167100  0.970343
1.167200  0.970288
1.167300  0.970235
1.167400  0.970187
1.167500  0.970142
1.167600  0.970102
1.167700  0.970067
1.167800  0.970038
1.167900  0.970016
1.168000  0.970000
1.168100  0.969992
1.168200  0.969990
1.168300  0.969994
1.168400  0.970002
1.168500  0.970014
1.168600  0.970030
1.168700  0.970047
1.168800  0.970065
1.168900  0.970083
1.169000  0.970100
1.169100  0.970116
1.169200  0.970129
1.169300  0.970139
1.169400  0.970147
1.169500  0.970150
1.169600  0.970150
1.169700  0.970146
1.169800  0.970136
1.169900  0.970121
1.170000  0.970100
1.170100  0.970073
1.170200  0.970042
1.170300  0.970007
1.170400  0.969971
1.170500  0.969934
1.170600  0.969899
1.170700  0.969866
1.170800  0.969838
1.170900  0.969815
1.171000  0.969800
1.171100  0.969793
1.171200  0.969794
1.171300  0.969800
1.171400  0.969811
1.171500  0.969826
1.171600  0.969842
1.171700  0.969859
1.171800  0.969876
1.171900  0.969889
1.172000  0.969900
1.172100  0.969906
1.172200  0.969907
1.172300  0.969904
1.172400  0.969898
1.172500  0.969888
1.172600  0.969875
1.172700  0.969859
1.172800  0.969841
1.172900  0.969821
1.173000  0.969800
1.173100  0.969778
1.173200  0.969755
1.173300  0.969732
1.173400  0.969709
1.173500  0.969686
1.173600  0.969665
1.173700  0.969646
1.173800  0.969628
1.173900  0.969612
1.174000  0.969600
1.174100  0.969590
1.174200  0.969583
1.174300  0.969578
1.174400  0.969572
1.174500  0.969567
1.174600  0.969560
1.174700  0.969550
1.174800  0.969538
1.174900  0.969521
1.175000  0.969500
1.175100  0.969473
1.175200  0.969440
1.175300  0.969401
1.175400  0.969358
1.175500  0.969309
1.175600  0.969256
1.175700  0.969198
1.175800  0.969136
1.175900  0.969070
1.176000  0.969000
1.176100  0.968927
1.176200  0.968851
1.176300  0.968775
1.176400  0.968698
1.176500  0.968622
1.176600  0.968548
1.176700  0.968478
1.176800  0.968413
1.176900  0.968353
1.177000  0.968300
1.177100  0.968255
1.177200  0.968217
1.177300  0.968186
1.177400  0.968160
1.177500  0.968141
1.177600  0.968126
1.177700  0.968115
1.177800  0.968107
1.177900  0.968103
1.178000  0.968100
1.178100  0.968099
1.178200  0.968099
1.178300  0.968100
1.178400  0.968101
1.178500  0.968103
1.178600  0.968104
1.178700  0.968105
1.178800  0.968105
1.178900  0.968103
1.179000  0.968100
1.179100  0.968095
1.179200  0.968088
1.179300  0.968080
1.179400  0.968071
1.179500  0.968061
1.179600  0.968049
1.179700  0.968037
1.179800  0.968025
1.179900  0.968013
1.180000  0.968000
1.180100  0.967988
1.180200  0.967976
1.180300  0.967964
1.180400  0.967953
1.180500  0.967943
1.180600  0.967933
1.180700  0.967923
1.180800  0.967915
1.180900  0.967907
1.181000  0.967900
1.181100  0.967894
1.181200  0.967888
1.181300  0.967883
1.181400  0.967877
1.181500  0.967869
1.181600  0.967861
1.181700  0.967850
1.181800  0.967836
1.181900  0.967820
1.182000  0.967800
1.182100  0.967776
1.182200  0.967749
1.182300  0.967719
1.182400  0.967688
1.182500  0.967655
1.182600  0.967622
1.182700  0.967589
1.182800  0.967557
1.182900  0.967528
1.183000  0.967500
1.183100  0.967475
1.183200  0.967454
1.183300  0.967434
1.183400  0.967415
1.183500  0.967397
1.183600  0.967380
1.183700  0.967362
1.183800  0.967343
1.183900  0.967323
1.184000  0.967300
1.184100  0.967275
1.184200  0.967247
1.184300  0.967218
1.184400  0.967187
1.184500  0.967155
1.184600  0.967123
1.184700  0.967091
1.184800  0.967059
1.184900  0.967029
1.185000  0.967000
1.185100  0.966973
1.185200  0.966948
1.185300  0.966924
1.185400  0.966902
1.185500  0.966882
1.185600  0.966863
1.185700  0.966846
1.185800  0.966829
1.185900  0.966814
1.186000  0.966800
1.186100  0.966787
1.186200  0.966774
1.186300  0.966763
1.186400  0.966752
1.186500  0.966742
1.186600  0.966732
1.186700  0.966723
1.186800  0.966715
1.186900  0.966707
1.187000  0.966700
1.187100  0.966693
1.187200  0.966686
1.187300  0.966679
1.187400  0.966672
1.187500  0.966663
1.187600  0.966654
1.187700  0.966643
1.187800  0.966631
1.187900  0.966617
1.188000  0.966600
1.188100  0.966581
1.188200  0.966560
1.188300  0.966538
1.188400  0.966515
1.188500  0.966492
1.188600  0.966470
1.188700  0.966449
1.188800  0.966430
1.188900  0.966413
1.189000  0.966400
1.189100  0.966390
1.189200  0.966383
1.189300  0.966378
1.189400  0.966373
1.189500  0.966368
1.189600  0.966362
1.189700  0.966353
1.189800  0.966340
1.189900  0.966323
1.190000  0.966300
1.190100  0.966271
1.190200  0.966236
1.190300  0.966196
1.190400  0.966154
1.190500  0.966109
1.190600  0.966064
1.190700  0.966019
1.190800  0.965976
1.190900  0.965936
1.191000  0.965900
1.191100  0.965869
1.191200  0.965842
1.191300  0.965819
1.191400  0.965799
1.191500  0.965782
1.191600  0.965765
1.191700  0.965750
1.191800  0.965734
1.191900  0.965718
1.192000  0.965700
1.192100  0.965680
1.192200  0.965657
1.192300  0.965633
1.192400  0.965606
1.192500  0.965577
1.192600  0.965545
1.192700  0.965512
1.192800  0.965477
1.192900  0.965439
1.193000  0.965400
1.193100  0.965359
1.193200  0.965317
1.193300  0.965276
1.193400  0.965236
1.193500  0.965199
1.193600  0.965167
1.193700  0.965139
1.193800  0.965118
1.193900  0.965105
1.194000  0.965100
1.194100  0.965105
1.194200  0.965118
1.194300  0.965137
1.194400  0.965161
1.194500  0.965188
1.194600  0.965216
1.194700  0.965243
1.194800  0.965267
1.194900  0.965287
1.195000  0.965300
1.195100  0.965306
1.195200  0.965304
1.195300  0.965296
1.195400  0.965281
1.195500  0.965261
1.195600  0.965236
1.195700  0.965207
1.195800  0.965174
1.195900  0.965138
1.196000  0.965100
1.196100  0.965060
1.196200  0.965020
1.196300  0.964980
1.196400  0.964942
1.196500  0.964906
1.196600  0.964874
1.196700  0.964846
1.196800  0.964824
1.196900  0.964808
1.197000  0.964800
1.197100  0.964800
1.197200  0.964807
1.197300  0.964819
1.197400  0.964835
1.197500  0.964852
1.197600  0.964869
1.197700  0.964884
1.197800  0.964895
1.197900  0.964901
1.198000  0.964900
1.198100  0.964890
1.198200  0.964872
1.198300  0.964848
1.198400  0.964819
1.198500  0.964785
1.198600  0.964749
1.198700  0.964711
1.198800  0.964673
1.198900  0.964635
1.199000  0.964600
1.199100  0.964568
1.199200  0.964539
1.199300  0.964513
1.199400  0.964490
1.199500  0.964469
1.199600  0.964451
1.199700  0.964436
1.199800  0.964422
1.199900  0.964410
1.200000  0.964400
1.200100  0.964392
1.200200  0.964384
1.200300  0.964377
1.200400  0.964370
1.200500  0.964363
1.200600  0.964354
1.200700  0.964344
1.200800  0.964332
1.200900  0.964318
1.201000  0.964300
1.201100  0.964279
1.201200  0.964255
1.201300  0.964228
1.201400  0.964199
1.201500  0.964168
1.201600  0.964136
1.201700  0.964102
1.201800  0.964068
1.201900  0.964034
1.202000  0.964000
1.202100  0.963967
1.202200  0.963934
1.202300  0.963902
1.202400  0.963871
1.202500  0.963841
1.202600  0.963811
1.202700  0.963782
1.202800  0.963754
1.202900  0.963727
1.203000  0.963700
1.203100  0.963674
1.203200  0.963650
1.203300  0.963629
1.203400  0.963610
1.203500  0.963595
1.203600  0.963584
1.203700  0.963579
1.203800  0.963579
1.203900  0.963586
1.204000  0.963600
1.204100  0.963622
1.204200  0.963650
1.204300  0.963683
1.204400  0.963718
1.204500  0.963755
1.204600  0.963792
1.204700  0.963826
1.204800  0.963857
1.204900  0.963882
1.205000  0.963900
1.205100  0.963910
1.205200  0.963911
1.205300  0.963904
1.205400  0.963891
1.205500  0.963871
1.205600  0.963846
1.205700  0.963816
1.205800  0.963781
1.205900  0.963742
1.206000  0.963700
1.206100  0.963656
1.206200  0.963610
1.206300  0.963563
1.206400  0.963517
1.206500  0.963472
1.206600  0.963429
1.206700  0.963390
1.206800  0.963354
1.206900  0.963324
1.207000  0.963300
1.207100  0.963283
1.207200  0.963271
1.207300  0.963263
1.207400  0.963258
1.207500  0.963254
1.207600  0.963250
1.207700  0.963244
1.207800  0.963234
1.207900  0.963220
1.208000  0.963200
1.208100  0.963173
1.208200  0.963139
1.208300  0.963100
1.208400  0.963057
1.208500  0.963013
1.208600  0.962967
1.208700  0.962921
1.208800  0.962877
1.208900  0.962836
1.209000  0.962800
1.209100  0.962769
1.209200  0.962742
1.209300  0.962720
1.209400  0.962701
1.209500  0.962683
1.209600  0.962668
1.209700  0.962652
1.209800  0.962636
1.209900  0.962619
1.210000  0.962600
1.210100  0.962578
1.210200  0.962553
1.210300  0.962526
1.210400  0.962497
1.210500  0.962466
1.210600  0.962434
1.210700  0.962401
1.210800  0.962368
1.210900  0.962334
1.211000  0.962300
1.211100  0.962267
1.211200  0.962234
1.211300  0.962201
1.211400  0.962170
1.211500  0.962139
1.211600  0.962109
1.211700  0.962080
1.211800  0.962052
1.211900  0.962025
1.212000  0.962000
1.212100  0.961976
1.212200  0.961953
1.212300  0.961932
1.212400  0.961911
1.212500  0.961891
1.212600  0.961872
1.212700  0.961854
1.212800  0.961836
1.212900  0.961818
1.213000  0.961800
1.213100  0.961782
1.213200  0.961765
1.213300  0.961749
1.213400  0.961734
1.213500  0.961721
1.213600  0.961710
1.213700  0.961702
1.213800  0.961697
1.213900  0.961697
1.214000  0.961700
1.214100  0.961708
1.214200  0.961720
1.214300  0.961733
1.214400  0.961749
1.214500  0.961764
1.214600  0.961778
1.214700  0.961790
1.214800  0.961798
1.214900  0.961802
1.215000  0.961800
1.215100  0.961791
1.215200  0.961776
1.215300  0.961755
1.215400  0.961729
1.215500  0.961699
1.215600  0.961664
1.215700  0.961627
1.215800  0.961586
1.215900  0.961544
1.216000  0.961500
1.216100  0.961455
1.216200  0.961410
1.216300  0.961365
1.216400  0.961321
1.216500  0.961278
1.216600  0.961237
1.216700  0.961198
1.216800  0.961162
1.216900  0.961129
1.217000  0.961100
1.217100  0.961075
1.217200  0.961055
1.217300  0.961037
1.217400  0.961024
1.217500  0.961014
1.217600  0.961006
1.217700  0.961002
1.217800  0.960999
1.217900  0.960999
1.218000  0.961000
1.218100  0.961003
1.218200  0.961006
1.218300  0.961010
1.218400  0.961014
1.218500  0.961017
1.218600  0.961018
1.218700  0.961018
1.218800  0.961015
1.218900  0.961009
1.219000  0.961000
1.219100  0.960987
1.219200  0.960970
1.219300  0.960950
1.219400  0.960929
1.219500  0.960906
1.219600  0.960883
1.219700  0.960860
1.219800  0.960838
1.219900  0.960818
1.220000  0.960800
1.220100  0.960785
1.220200  0.960773
1.220300  0.960763
1.220400  0.960754
1.220500  0.960746
1.220600  0.960739
1.220700  0.960731
1.220800  0.960722
1.220900  0.960712
1.221000  0.960700
1.221100  0.960685
1.221200  0.960668
1.221300  0.960650
1.221400  0.960630
1.221500  0.960608
1.221600  0.960586
1.221700  0.960564
1.221800  0.960542
1.221900  0.960521
1.222000  0.960500
1.222100  0.960481
1.222200  0.960462
1.222300  0.960444
1.222400  0.960426
1.222500  0.960408
1.222600  0.960389
1.222700  0.960369
1.222800  0.960348
1.222900  0.960325
1.223000  0.960300
1.223100  0.960272
1.223200  0.960243
1.223300  0.960212
1.223400  0.960180
1.223500  0.960148
1.223600  0.960115
1.223700  0.960084
1.223800  0.960054
1.223900  0.960026
1.224000  0.960000
1.224100  0.959977
1.224200  0.959957
1.224300  0.959940
1.224400  0.959925
1.224500  0.959914
1.224600  0.959905
1.224700  0.959900
1.224800  0.959897
1.224900  0.959897
1.225000  0.959900
1.225100  0.959906
1.225200  0.959913
1.225300  0.959921
1.225400  0.959928
1.225500  0.959934
1.225600  0.959937
1.225700  0.959936
1.225800  0.959931
1.225900  0.959919
1.226000  0.959900
1.226100  0.959873
1.226200  0.959839
1.226300  0.959798
1.226400  0.959751
1.226500  0.959700
1.226600  0.959645
1.226700  0.959586
1.226800  0.959525
1.226900  0.959463
1.227000  0.959400
1.227100  0.959337
1.227200  0.959276
1.227300  0.959216
1.227400  0.959158
1.227500  0.959103
1.227600  0.959052
1.227700  0.959006
1.227800  0.958965
1.227900  0.958929
1.228000  0.958900
1.228100  0.958878
1.228200  0.958862
1.228300  0.958850
1.228400  0.958842
1.228500  0.958837
1.228600  0.958832
1.228700  0.958828
1.228800  0.958821
1.228900  0.958813
1.229000  0.958800
1.229100  0.958783
1.229200  0.958761
1.229300  0.958735
1.229400  0.958706
1.229500  0.958674
1.229600  0.958641
1.229700  0.958606
1.229800  0.958571
1.229900  0.958535
1.230000  0.958500
1.230100  0.958466
1.230200  0.958434
1.230300  0.958404
1.230400  0.958377
1.230500  0.958353
1.230600  0.958333
1.230700  0.958317
1.230800  0.958306
1.230900  0.958300
1.231000  0.958300
1.231100  0.958306
1.231200  0.958317
1.231300  0.958331
1.231400  0.958347
1.231500  0.958364
1.231600  0.958379
1.231700  0.958392
1.231800  0.958401
1.231900  0.958404
1.232000  0.958400
1.232100  0.958388
1.232200  0.958369
1.232300  0.958343
1.232400  0.958313
1.232500  0.958279
1.232600  0.958243
1.232700  0.958206
1.232800  0.958169
1.232900  0.958133
1.233000  0.958100
1.233100  0.958071
1.233200  0.958045
1.233300  0.958022
1.233400  0.958001
1.233500  0.957982
1.233600  0.957965
1.233700  0.957949
1.233800  0.957933
1.233900  0.957917
1.234000  0.957900
1.234100  0.957882
1.234200  0.957864
1.234300  0.957844
1.234400  0.957824
1.234500  0.957804
1.234600  0.957783
1.234700  0.957762
1.234800  0.957741
1.234900  0.957720
1.235000  0.957700
1.235100  0.957680
1.235200  0.957661
1.235300  0.957641
1.235400  0.957622
1.235500  0.957603
1.235600  0.957584
1.235700  0.957564
1.235800  0.957543
1.235900  0.957522
1.236000  0.957500
1.236100  0.957477
1.236200  0.957453
1.236300  0.957430
1.236400  0.957406
1.236500  0.957384
1.236600  0.957363
1.236700  0.957343
1.236800  0.957326
1.236900  0.957311
1.237000  0.957300
1.237100  0.957292
1.237200  0.957286
1.237300  0.957282
1.237400  0.957278
1.237500  0.957274
1.237600  0.957267
1.237700  0.957258
1.237800  0.957244
1.237900  0.957225
1.238000  0.957200
1.238100  0.957168
1.238200  0.957129
1.238300  0.957085
1.238400  0.957036
1.238500  0.956984
1.238600  0.956929
1.238700  0.956872
1.238800  0.956814
1.238900  0.956756
1.239000  0.956700
1.239100  0.956645
1.239200  0.956593
1.239300  0.956544
1.239400  0.956497
1.239500  0.956454
1.239600  0.956414
1.239700  0.956379
1.239800  0.956348
1.239900  0.956321
1.240000  0.956300
1.240100  0.956284
1.240200  0.956273
1.240300  0.956266
1.240400  0.956263
1.240500  0.956264
1.240600  0.956267
1.240700  0.956273
1.240800  0.956281
1.240900  0.956290
1.241000  0.956300
1.241100  0.956310
1.241200  0.956321
1.241300  0.956330
1.241400  0.956337
1.241500  0.956341
1.241600  0.956343
1.241700  0.956340
1.241800  0.956333
1.241900  0.956319
1.242000  0.956300
1.242100  0.956274
1.242200  0.956242
1.242300  0.956205
1.242400  0.956164
1.242500  0.956120
1.242600  0.956075
1.242700  0.956030
1.242800  0.955984
1.242900  0.955941
1.243000  0.955900
1.243100  0.955863
1.243200  0.955828
1.243300  0.955797
1.243400  0.955767
1.243500  0.955739
1.243600  0.955712
1.243700  0.955685
1.243800  0.955658
1.243900  0.955630
1.244000  0.955600
1.244100  0.955568
1.244200  0.955536
1.244300  0.955502
1.244400  0.955468
1.244500  0.955435
1.244600  0.955403
1.244700  0.955373
1.244800  0.955345
1.244900  0.955321
1.245000  0.955300
1.245100  0.955284
1.245200  0.955271
1.245300  0.955261
1.245400  0.955253
1.245500  0.955246
1.245600  0.955239
1.245700  0.955232
1.245800  0.955224
1.245900  0.955213
1.246000  0.955200
1.246100  0.955183
1.246200  0.955163
1.246300  0.955141
1.246400  0.955117
1.246500  0.955094
1.246600  0.955071
1.246700  0.955049
1.246800  0.955029
1.246900  0.955013
1.247000  0.955000
1.247100  0.954992
1.247200  0.954988
1.247300  0.954987
1.247400  0.954988
1.247500  0.954991
1.247600  0.954995
1.247700  0.954998
1.247800  0.955001
1.247900  0.955002
1.248000  0.955000
1.248100  0.954995
1.248200  0.954986
1.248300  0.954974
1.248400  0.954959
1.248500  0.954941
1.248600  0.954919
1.248700  0.954894
1.248800  0.954866
1.248900  0.954834
1.249000  0.954800
1.249100  0.954763
1.249200  0.954723
1.249300  0.954682
1.249400  0.954639
1.249500  0.954596
1.249600  0.954554
1.249700  0.954512
1.249800  0.954472
1.249900  0.954435
1.250000  0.954400
1.250100  0.954369
1.250200  0.954341
1.250300  0.954316
1.250400  0.954294
1.250500  0.954274
1.250600  0.954257
1.250700  0.954241
1.250800  0.954226
1.250900  0.954213
1.251000  0.954200
1.251100  0.954188
1.251200  0.954176
1.251300  0.954165
1.251400  0.954154
1.251500  0.954143
1.251600  0.954134
1.251700  0.954124
1.251800  0.954116
1.251900  0.954108
1.252000  0.954100
1.252100  0.954093
1.252200  0.954086
1.252300  0.954079
1.252400  0.954072
1.252500  0.954064
1.252600  0.954055
1.252700  0.954044
1.252800  0.954032
1.252900  0.954017
1.253000  0.954000
1.253100  0.953980
1.253200  0.953957
1.253300  0.953932
1.253400  0.953905
1.253500  0.953875
1.253600  0.953843
1.253700  0.953810
1.253800  0.953775
1.253900  0.953738
1.254000  0.953700
1.254100  0.953661
1.254200  0.953621
1.254300  0.953580
1.254400  0.953539
1.254500  0.953498
1.254600  0.953457
1.254700  0.953417
1.254800  0.953377
1.254900  0.953338
1.255000  0.953300
1.255100  0.953264
1.255200  0.953229
1.255300  0.953196
1.255400  0.953163
1.255500  0.953133
1.255600  0.953104
1.255700  0.953076
1.255800  0.953049
1.255900  0.953024
1.256000  0.953000
1.256100  0.952977
1.256200  0.952956
1.256300  0.952935
1.256400  0.952915
1.256500  0.952896
1.256600  0.952877
1.256700  0.952858
1.256800  0.952839
1.256900  0.952819
1.257000  0.952800
1.257100  0.952780
1.257200  0.952760
1.257300  0.952739
1.257400  0.952718
1.257500  0.952697
1.257600  0.952677
1.257700  0.952657
1.257800  0.952637
1.257900  0.952618
1.258000  0.952600
1.258100  0.952583
1.258200  0.952566
1.258300  0.952550
1.258400  0.952533
1.258500  0.952515
1.258600  0.952497
1.258700  0.952476
1.258800  0.952453
1.258900  0.952428
1.259000  0.952400
1.259100  0.952368
1.259200  0.952334
1.259300  0.952296
1.259400  0.952257
1.259500  0.952216
1.259600  0.952173
1.259700  0.952130
1.259800  0.952086
1.259900  0.952043
1.260000  0.952000
1.260100  0.951958
1.260200  0.951917
1.260300  0.951879
1.260400  0.951843
1.260500  0.951809
1.260600  0.951779
1.260700  0.951753
1.260800  0.951730
1.260900  0.951713
1.261000  0.951700
1.261100  0.951693
1.261200  0.951690
1.261300  0.951690
1.261400  0.951693
1.261500  0.951697
1.261600  0.951702
1.261700  0.951705
1.261800  0.951707
1.261900  0.951705
1.262000  0.951700
1.262100  0.951690
1.262200  0.951674
1.262300  0.951655
1.262400  0.951630
1.262500  0.951602
1.262600  0.951569
1.262700  0.951532
1.262800  0.951491
1.262900  0.951447
1.263000  0.951400
1.263100  0.951349
1.263200  0.951297
1.263300  0.951243
1.263400  0.951188
1.263500  0.951134
1.263600  0.951081
1.263700  0.951030
1.263800  0.950983
1.263900  0.950939
1.264000  0.950900
1.264100  0.950867
1.264200  0.950838
1.264300  0.950814
1.264400  0.950793
1.264500  0.950775
1.264600  0.950759
1.264700  0.950744
1.264800  0.950730
1.264900  0.950716
1.265000  0.950700
1.265100  0.950683
1.265200  0.950664
1.265300  0.950645
1.265400  0.950624
1.265500  0.950603
1.265600  0.950582
1.265700  0.950561
1.265800  0.950540
1.265900  0.950519
1.266000  0.950500
1.266100  0.950482
1.266200  0.950465
1.266300  0.950450
1.266400  0.950436
1.266500  0.950425
1.266600  0.950415
1.266700  0.950408
1.266800  0.950403
1.266900  0.950400
1.267000  0.950400
1.267100  0.950402
1.267200  0.950407
1.267300  0.950412
1.267400  0.950418
1.267500  0.950422
1.267600  0.950425
1.267700  0.950425
1.267800  0.950422
1.267900  0.950414
1.268000  0.950400
1.268100  0.950380
1.268200  0.950356
1.268300  0.950327
1.268400  0.950295
1.268500  0.950261
1.268600  0.950226
1.268700  0.950191
1.268800  0.950158
1.268900  0.950127
1.269000  0.950100
1.269100  0.950077
1.269200  0.950058
1.269300  0.950041
1.269400  0.950026
1.269500  0.950010
1.269600  0.949994
1.269700  0.949977
1.269800  0.949956
1.269900  0.949930
1.270000  0.949900
1.270100  0.949864
1.270200  0.949822
1.270300  0.949775
1.270400  0.949725
1.270500  0.949673
1.270600  0.949618
1.270700  0.949563
1.270800  0.949507
1.270900  0.949453
1.271000  0.949400
1.271100  0.949350
1.271200  0.949302
1.271300  0.949258
1.271400  0.949215
1.271500  0.949174
1.271600  0.949136
1.271700  0.949100
1.271800  0.949065
1.271900  0.949032
1.272000  0.949000
1.272100  0.948970
1.272200  0.948941
1.272300  0.948914
1.272400  0.948890
1.272500  0.948867
1.272600  0.948848
1.272700  0.948831
1.272800  0.948817
1.272900  0.948807
1.273000  0.948800
1.273100  0.948797
1.273200  0.948797
1.273300  0.948799
1.273400  0.948803
1.273500  0.948807
1.273600  0.948810
1.273700  0.948812
1.273800  0.948811
1.273900  0.948808
1.274000  0.948800
1.274100  0.948787
1.274200  0.948770
1.274300  0.948749
1.274400  0.948723
1.274500  0.948694
1.274600  0.948661
1.274700  0.948625
1.274800  0.948586
1.274900  0.948544
1.275000  0.948500
1.275100  0.948454
1.275200  0.948407
1.275300  0.948360
1.275400  0.948313
1.275500  0.948268
1.275600  0.948226
1.275700  0.948187
1.275800  0.948152
1.275900  0.948123
1.276000  0.948100
1.276100  0.948084
1.276200  0.948073
1.276300  0.948068
1.276400  0.948068
1.276500  0.948070
1.276600  0.948075
1.276700  0.948082
1.276800  0.948089
1.276900  0.948095
1.277000  0.948100
1.277100  0.948103
1.277200  0.948103
1.277300  0.948101
1.277400  0.948096
1.277500  0.948088
1.277600  0.948077
1.277700  0.948062
1.277800  0.948045
1.277900  0.948024
1.278000  0.948000
1.278100  0.947972
1.278200  0.947941
1.278300  0.947906
1.278400  0.947869
1.278500  0.947829
1.278600  0.947787
1.278700  0.947743
1.278800  0.947697
1.278900  0.947649
1.279000  0.947600
1.279100  0.947550
1.279200  0.947500
1.279300  0.947451
1.279400  0.947403
1.279500  0.947358
1.279600  0.947316
1.279700  0.947278
1.279800  0.947246
1.279900  0.947219
1.280000  0.947200
1.280100  0.947188
1.280200  0.947182
1.280300  0.947182
1.280400  0.947185
1.280500  0.947190
1.280600  0.947196
1.280700  0.947201
1.280800  0.947204
1.280900  0.947205
1.281000  0.947200
1.281100  0.947190
1.281200  0.947174
1.281300  0.947152
1.281400  0.947126
1.281500  0.947096
1.281600  0.947063
1.281700  0.947026
1.281800  0.946986
1.281900  0.946944
1.282000  0.946900
1.282100  0.946855
1.282200  0.946809
1.282300  0.946764
1.282400  0.946719
1.282500  0.946675
1.282600  0.946633
1.282700  0.946594
1.282800  0.946559
1.282900  0.946527
1.283000  0.946500
1.283100  0.946478
1.283200  0.946460
1.283300  0.946447
1.283400  0.946436
1.283500  0.946428
1.283600  0.946422
1.283700  0.946417
1.283800  0.946412
1.283900  0.946406
1.284000  0.946400
1.284100  0.946392
1.284200  0.946382
1.284300  0.946369
1.284400  0.946354
1.284500  0.946336
1.284600  0.946316
1.284700  0.946292
1.284800  0.946265
1.284900  0.946234
1.285000  0.946200
1.285100  0.946162
1.285200  0.946120
1.285300  0.946077
1.285400  0.946033
1.285500  0.945988
1.285600  0.945945
1.285700  0.945903
1.285800  0.945865
1.285900  0.945830
1.286000  0.945800
1.286100  0.945776
1.286200  0.945757
1.286300  0.945742
1.286400  0.945731
1.286500  0.945723
1.286600  0.945717
1.286700  0.945712
1.286800  0.945709
1.286900  0.945705
1.287000  0.945700
1.287100  0.945694
1.287200  0.945686
1.287300  0.945675
1.287400  0.945662
1.287500  0.945645
1.287600  0.945625
1.287700  0.945601
1.287800  0.945572
1.287900  0.945539
1.288000  0.945500
1.288100  0.945456
1.288200  0.945407
1.288300  0.945355
1.288400  0.945300
1.288500  0.945245
1.288600  0.945191
1.288700  0.945138
1.288800  0.945087
1.288900  0.945041
1.289000  0.945000
1.289100  0.944965
1.289200  0.944936
1.289300  0.944911
1.289400  0.944891
1.289500  0.944873
1.289600  0.944858
1.289700  0.944844
1.289800  0.944830
1.289900  0.944816
1.290000  0.944800
1.290100  0.944782
1.290200  0.944763
1.290300  0.944743
1.290400  0.944721
1.290500  0.944699
1.290600  0.944678
1.290700  0.944656
1.290800  0.944636
1.290900  0.944617
1.291000  0.944600
1.291100  0.944585
1.291200  0.944572
1.291300  0.944561
1.291400  0.944551
1.291500  0.944542
1.291600  0.944533
1.291700  0.944525
1.291800  0.944517
1.291900  0.944509
1.292000  0.944500
1.292100  0.944490
1.292200  0.944479
1.292300  0.944466
1.292400  0.944451
1.292500  0.944434
1.292600  0.944414
1.292700  0.944391
1.292800  0.944365
1.292900  0.944335
1.293000  0.944300
1.293100  0.944261
1.293200  0.944218
1.293300  0.944172
1.293400  0.944123
1.293500  0.944071
1.293600  0.944018
1.293700  0.943964
1.293800  0.943909
1.293900  0.943854
1.294000  0.943800
1.294100  0.943747
1.294200  0.943696
1.294300  0.943646
1.294400  0.943600
1.294500  0.943556
1.294600  0.943516
1.294700  0.943480
1.294800  0.943448
1.294900  0.943421
1.295000  0.943400
1.295100  0.943384
1.295200  0.943373
1.295300  0.943365
1.295400  0.943359
1.295500  0.943354
1.295600  0.943349
1.295700  0.943342
1.295800  0.943333
1.295900  0.943319
1.296000  0.943300
1.296100  0.943275
1.296200  0.943244
1.296300  0.943209
1.296400  0.943169
1.296500  0.943127
1.296600  0.943082
1.296700  0.943036
1.296800  0.942990
1.296900  0.942944
1.297000  0.942900
1.297100  0.942858
1.297200  0.942818
1.297300  0.942781
1.297400  0.942746
1.297500  0.942714
1.297600  0.942685
1.297700  0.942659
1.297800  0.942636
1.297900  0.942616
1.298000  0.942600
1.298100  0.942587
1.298200  0.942577
1.298300  0.942569
1.298400  0.942561
1.298500  0.942555
1.298600  0.942548
1.298700  0.942539
1.298800  0.942529
1.298900  0.942516
1.299000  0.942500
1.299100  0.942480
1.299200  0.942456
1.299300  0.942429
1.299400  0.942399
1.299500  0.942367
1.299600  0.942334
1.299700  0.942301
1.299800  0.942267
1.299900  0.942233
1.300000  0.942200
1.300100  0.942168
1.300200  0.942138
1.300300  0.942108
1.300400  0.942079
1.300500  0.942051
1.300600  0.942022
1.300700  0.941993
1.300800  0.941963
1.300900  0.941932
1.301000  0.941900
1.301100  0.941866
1.301200  0.941831
1.301300  0.941795
1.301400  0.941757
1.301500  0.941717
1.301600  0.941676
1.301700  0.941634
1.301800  0.941591
1.301900  0.941546
1.302000  0.941500
1.302100  0.941453
1.302200  0.941405
1.302300  0.941355
1.302400  0.941306
1.302500  0.941255
1.302600  0.941204
1.302700  0.941153
1.302800  0.941102
1.302900  0.941051
1.303000  0.941000
1.303100  0.940949
1.303200  0.940900
1.303300  0.940852
1.303400  0.940806
1.303500  0.940762
1.303600  0.940721
1.303700  0.940684
1.303800  0.940651
1.303900  0.940623
1.304000  0.940600
1.304100  0.940582
1.304200  0.940569
1.304300  0.940560
1.304400  0.940552
1.304500  0.940547
1.304600  0.940541
1.304700  0.940535
1.304800  0.940527
1.304900  0.940515
1.305000  0.940500
1.305100  0.940480
1.305200  0.940455
1.305300  0.940427
1.305400  0.940397
1.305500  0.940364
1.305600  0.940330
1.305700  0.940296
1.305800  0.940262
1.305900  0.940230
1.306000  0.940200
1.306100  0.940172
1.306200  0.940147
1.306300  0.940125
1.306400  0.940104
1.306500  0.940085
1.306600  0.940067
1.306700  0.940049
1.306800  0.940033
1.306900  0.940017
1.307000  0.940000
1.307100  0.939983
1.307200  0.939966
1.307300  0.939948
1.307400  0.939929
1.307500  0.939910
1.307600  0.939890
1.307700  0.939869
1.307800  0.939847
1.307900  0.939824
1.308000  0.939800
1.308100  0.939775
1.308200  0.939749
1.308300  0.939721
1.308400  0.939693
1.308500  0.939664
1.308600  0.939633
1.308700  0.939601
1.308800  0.939569
1.308900  0.939535
1.309000  0.939500
1.309100  0.939464
1.309200  0.939427
1.309300  0.939389
1.309400  0.939351
1.309500  0.939311
1.309600  0.939270
1.309700  0.939229
1.309800  0.939187
1.309900  0.939144
1.310000  0.939100
1.310100  0.939056
1.310200  0.939012
1.310300  0.938969
1.310400  0.938929
1.310500  0.938892
1.310600  0.938860
1.310700  0.938834
1.310800  0.938814
1.310900  0.938803
1.311000  0.938800
1.311100  0.938807
1.311200  0.938821
1.311300  0.938840
1.311400  0.938861
1.311500  0.938883
1.311600  0.938902
1.311700  0.938915
1.311800  0.938921
1.311900  0.938917
1.312000  0.938900
1.312100  0.938869
1.312200  0.938824
1.312300  0.938767
1.312400  0.938701
1.312500  0.938627
1.312600  0.938546
1.312700  0.938462
1.312800  0.938375
1.312900  0.938287
1.313000  0.938200
1.313100  0.938116
1.313200  0.938036
1.313300  0.937962
1.313400  0.937895
1.313500  0.937835
1.313600  0.937785
1.313700  0.937745
1.313800  0.937716
1.313900  0.937701
1.314000  0.937700
1.314100  0.937714
1.314200  0.937739
1.314300  0.937774
1.314400  0.937815
1.314500  0.937858
1.314600  0.937901
1.314700  0.937939
1.314800  0.937971
1.314900  0.937992
1.315000  0.938000
1.315100  0.937992
1.315200  0.937968
1.315300  0.937931
1.315400  0.937881
1.315500  0.937820
1.315600  0.937750
1.315700  0.937671
1.315800  0.937585
1.315900  0.937495
1.316000  0.937400
1.316100  0.937303
1.316200  0.937206
1.316300  0.937111
1.316400  0.937020
1.316500  0.936937
1.316600  0.936862
1.316700  0.936799
1.316800  0.936749
1.316900  0.936715
1.317000  0.936700
1.317100  0.936704
1.317200  0.936726
1.317300  0.936761
1.317400  0.936806
1.317500  0.936858
1.317600  0.936913
1.317700  0.936969
1.317800  0.937021
1.317900  0.937066
1.318000  0.937100
1.318100  0.937121
1.318200  0.937129
1.318300  0.937125
1.318400  0.937109
1.318500  0.937081
1.318600  0.937043
1.318700  0.936996
1.318800  0.936939
1.318900  0.936873
1.319000  0.936800
1.319100  0.936720
1.319200  0.936635
1.319300  0.936549
1.319400  0.936463
1.319500  0.936379
1.319600  0.936302
1.319700  0.936233
1.319800  0.936174
1.319900  0.936129
1.320000  0.936100
1.320100  0.936088
1.320200  0.936093
1.320300  0.936110
1.320400  0.936139
1.320500  0.936176
1.320600  0.936219
1.320700  0.936265
1.320800  0.936313
1.320900  0.936358
1.321000  0.936400
1.321100  0.936435
1.321200  0.936463
1.321300  0.936482
1.321400  0.936492
1.321500  0.936492
1.321600  0.936480
1.321700  0.936456
1.321800  0.936418
1.321900  0.936367
1.322000  0.936300
1.322100  0.936218
1.322200  0.936123
1.322300  0.936019
1.322400  0.935908
1.322500  0.935795
1.322600  0.935682
1.322700  0.935573
1.322800  0.935470
1.322900  0.935378
1.323000  0.935300
1.323100  0.935238
1.323200  0.935191
1.323300  0.935158
1.323400  0.935138
1.323500  0.935129
1.323600  0.935129
1.323700  0.935138
1.323800  0.935154
1.323900  0.935175
1.324000  0.935200
1.324100  0.935227
1.324200  0.935255
1.324300  0.935283
1.324400  0.935307
1.324500  0.935327
1.324600  0.935341
1.324700  0.935347
1.324800  0.935343
1.324900  0.935328
1.325000  0.935300
1.325100  0.935258
1.325200  0.935203
1.325300  0.935138
1.325400  0.935065
1.325500  0.934987
1.325600  0.934907
1.325700  0.934825
1.325800  0.934745
1.325900  0.934669
1.326000  0.934600
1.326100  0.934539
1.326200  0.934487
1.326300  0.934444
1.326400  0.934410
1.326500  0.934385
1.326600  0.934370
1.326700  0.934363
1.326800  0.934366
1.326900  0.934378
1.327000  0.934400
1.327100  0.934431
1.327200  0.934469
1.327300  0.934511
1.327400  0.934554
1.327500  0.934597
1.327600  0.934635
1.327700  0.934668
1.327800  0.934691
1.327900  0.934703
1.328000  0.934700
1.328100  0.934681
1.328200  0.934647
1.328300  0.934601
1.328400  0.934544
1.328500  0.934478
1.328600  0.934406
1.328700  0.934331
1.328800  0.934253
1.328900  0.934175
1.329000  0.934100
1.329100  0.934029
1.329200  0.933962
1.329300  0.933901
1.329400  0.933843
1.329500  0.933791
1.329600  0.933743
1.329700  0.933700
1.329800  0.933662
1.329900  0.933628
1.330000  0.933600
1.330100  0.933576
1.330200  0.933557
1.330300  0.933540
1.330400  0.933524
1.330500  0.933509
1.330600  0.933493
1.330700  0.933476
1.330800  0.933455
1.330900  0.933430
1.331000  0.933400
1.331100  0.933364
1.331200  0.933322
1.331300  0.933276
1.331400  0.933226
1.331500  0.933173
1.331600  0.933119
1.331700  0.933063
1.331800  0.933008
1.331900  0.932953
1.332000  0.932900
1.332100  0.932850
1.332200  0.932803
1.332300  0.932759
1.332400  0.932720
1.332500  0.932686
1.332600  0.932656
1.332700  0.932633
1.332800  0.932615
1.332900  0.932604
1.333000  0.932600
1.333100  0.932603
1.333200  0.932613
1.333300  0.932626
1.333400  0.932642
1.333500  0.932659
1.333600  0.932676
1.333700  0.932690
1.333800  0.932699
1.333900  0.932703
1.334000  0.932700
1.334100  0.932688
1.334200  0.932667
1.334300  0.932640
1.334400  0.932605
1.334500  0.932564
1.334600  0.932519
1.334700  0.932468
1.334800  0.932415
1.334900  0.932358
1.335000  0.932300
1.335100  0.932240
1.335200  0.932181
1.335300  0.932121
1.335400  0.932064
1.335500  0.932008
1.335600  0.931956
1.335700  0.931909
1.335800  0.931866
1.335900  0.931830
1.336000  0.931800
1.336100  0.931778
1.336200  0.931762
1.336300  0.931751
1.336400  0.931745
1.336500  0.931740
1.336600  0.931736
1.336700  0.931731
1.336800  0.931725
1.336900  0.931715
1.337000  0.931700
1.337100  0.931679
1.337200  0.931653
1.337300  0.931622
1.337400  0.931586
1.337500  0.931545
1.337600  0.931501
1.337700  0.931454
1.337800  0.931405
1.337900  0.931353
1.338000  0.931300
1.338100  0.931246
1.338200  0.931191
1.338300  0.931136
1.338400  0.931082
1.338500  0.931029
1.338600  0.930978
1.338700  0.930929
1.338800  0.930882
1.338900  0.930839
1.339000  0.930800
1.339100  0.930765
1.339200  0.930734
1.339300  0.930707
1.339400  0.930684
1.339500  0.930663
1.339600  0.930646
1.339700  0.930631
1.339800  0.930619
1.339900  0.930609
1.340000  0.930600
1.340100  0.930593
1.340200  0.930587
1.340300  0.930581
1.340400  0.930574
1.340500  0.930567
1.340600  0.930559
1.340700  0.930549
1.340800  0.930536
1.340900  0.930520
1.341000  0.930500
1.341100  0.930476
1.341200  0.930449
1.341300  0.930419
1.341400  0.930388
1.341500  0.930355
1.341600  0.930321
1.341700  0.930288
1.341800  0.930257
1.341900  0.930227
1.342000  0.930200
1.342100  0.930176
1.342200  0.930155
1.342300  0.930136
1.342400  0.930119
1.342500  0.930101
1.342600  0.930084
1.342700  0.930066
1.342800  0.930047
1.342900  0.930025
1.343000  0.930000
1.343100  0.929972
1.343200  0.929941
1.343300  0.929908
1.343400  0.929874
1.343500  0.929840
1.343600  0.929806
1.343700  0.929775
1.343800  0.929746
1.343900  0.929721
1.344000  0.929700
1.344100  0.929684
1.344200  0.929673
1.344300  0.929664
1.344400  0.929658
1.344500  0.929653
1.344600  0.929647
1.344700  0.929640
1.344800  0.929631
1.344900  0.929618
1.345000  0.929600
1.345100  0.929577
1.345200  0.929548
1.345300  0.929515
1.345400  0.929477
1.345500  0.929437
1.345600  0.929393
1.345700  0.929347
1.345800  0.929299
1.345900  0.929250
1.346000  0.929200
1.346100  0.929150
1.346200  0.929101
1.346300  0.929053
1.346400  0.929007
1.346500  0.928963
1.346600  0.928922
1.346700  0.928885
1.346800  0.928852
1.346900  0.928823
1.347000  0.928800
1.347100  0.928782
1.347200  0.928769
1.347300  0.928757
1.347400  0.928747
1.347500  0.928735
1.347600  0.928721
1.347700  0.928702
1.347800  0.928676
1.347900  0.928643
1.348000  0.928600
1.348100  0.928546
1.348200  0.928482
1.348300  0.928410
1.348400  0.928330
1.348500  0.928246
1.348600  0.928158
1.348700  0.928068
1.348800  0.927977
1.348900  0.927887
1.349000  0.927800
1.349100  0.927717
1.349200  0.927639
1.349300  0.927567
1.349400  0.927501
1.349500  0.927443
1.349600  0.927394
1.349700  0.927354
1.349800  0.927325
1.349900  0.927306
1.350000  0.927300
